cif,CO2_kh,CO2_kh_dev
GUJVOX_clean,0.00904676,0.00330849
ILOTOT_clean,0.000364175,1.89562e-05
EFESOZ_clean,0.00113667,0.000244735
HAVYOU_clean,9.83221e-05,8.02636e-06
LIBQIY_clean,0.00147778,0.00064394
KESGAS_clean,0.000118431,2.98137e-06
UTACUP_clean,0.000245694,1.45957e-05
HEXNUU_clean,0.0156044,0.0036724
PEDMOB_clean,0.000174979,2.14804e-05
UNOJUD_clean,0.000493244,2.98095e-05
JURKIS_clean,0.00132436,0.000422848
IZENUY_clean,4.83962e-05,1.60583e-06
WEMFOL_clean,0.0047212,0.00151195
GAWLIB_clean,0.428359,0.108149
VOTKEW_clean,0.00348544,0.000565086
QOHYET_clean,0.00211408,0.000850392
MARXEK_clean,6.56191e-05,1.76277e-06
FUHNIH_clean,0.000605735,4.88829e-05
NIHVUX_clean,0.50327,0.974862
LORMOW_clean,0.000172931,3.34901e-06
DUQSAK_clean,0.000395353,3.51054e-05
FUYCIN_clean,1.2383e-05,1.24317e-07
XUMMUP_clean,1.62685e-05,1.56853e-07
OSOTUN_clean,0.0027593,0.000649623
MANLOD_manual,4.28237e-05,1.14228e-06
YUGLES_clean,3.40557e-05,1.08658e-06
ZIMTAS_clean,2.42778e-05,5.54731e-07
IFEQIV_SL,1.89541e-05,2.07283e-07
MOFLAV_clean,5.24997e-05,3.90891e-06
PEVQOY_clean_h,2.03216e-05,1.15142e-06
XIPBOO_clean,0.000372257,2.4234e-05
PIBPIA_clean,1.12902e-05,1.46193e-06
GOYPER_clean,2.77141e-06,3.95724e-07
ODONIF_clean,0.000104936,1.72378e-05
POLNAG_clean,0.00129443,0.000251535
FUWFUA_clean,0.000130619,2.40338e-05
ICAWUF_clean,0.00140994,0.000534004
XUKNIC_clean,0.000708844,0.000292691
OVADAR_clean,0.061343,0.0260722
DEJRUH_clean,0.00344201,0.000635285
PELGOE_clean,0.000836182,0.000127627
VUMBOW_clean,6.57845e-05,8.786e-07
WOHSOB_clean,4.00101e-05,1.03528e-06
XEWFAI_clean,0.00398164,0.00177354
JEBCOJ_clean,4.60954e-05,9.80215e-07
IJODES_clean,0.000396451,1.25657e-05
KAKCEH01_clean,0.00750413,0.00231918
JUFZER_clean,0.00497277,0.000611258
MAGBON_clean,6.63607e-05,2.63813e-07
VIQQUJ_clean,0.00182853,0.000155384
YOVPEG_clean,0.000262492,5.72194e-06
ORULEU_clean,0.00286988,0.000663445
IYUQID_clean,1.64109e-05,1.13671e-06
UYOJOI_clean,0.00634848,0.00397151
XUDNAN_clean,0.00105794,0.000367509
KEWJIG_clean,0.000584214,2.17378e-05
KEQDER_clean,6.22151e-05,4.56262e-06
VOCQEJ_clean,0.000457091,5.22745e-06
XUVQOW_clean,0.00149579,0.00089276
EKEVAT_clean,0.000313726,9.02241e-06
YAQZUN_clean,9.98364e-06,1.8079e-07
XOVPON_clean,0.51378,0.313731
ECOSIY_clean,0.00884965,0.000666499
QEFNAQ_clean,7.1975e-05,2.89167e-06
EBIHII_clean,0.000192475,0.000109853
WIYWUY_clean,0.00250921,0.00138996
RAPBOZ_clean,0.0732304,0.0295585
MOFBIU_clean,0.00134802,0.000359394
XADDIR_manual,8.99955e-05,2.52309e-06
MAHCOQ_clean,2.73116e-05,5.42028e-06
POWBIO_clean,0.036786,0.00603675
HIYGIH_clean,5.0229e-05,1.57632e-06
XAPGUQ_clean,6.18252e-05,8.06124e-07
YEGTEK_clean,0.00102413,0.000305003
NUZCIV_clean,7.47166e-05,1.31426e-06
MUBQIJ_clean,0.00050022,8.93307e-06
HELDOT_clean,9.91615e-05,3.19366e-06
LUCDIW_clean,0.410625,0.327793
KEFFEI_clean,3.79467e-06,7.00784e-07
OKIKOJ_clean,4.32184e-05,1.21512e-06
ZEGSUB_clean,0.000118698,9.42461e-06
WISTID_clean,0.00142505,0.000185324
VAXTEV_clean,0.000633269,0.000103988
IXEJOL_clean,0.0016224,0.000214814
YOPPAW_clean,0.000169519,1.78297e-05
YUCGOS_clean,0.0026479,0.00128336
UQOGAK_clean,0.00405588,0.00180295
FORWAL_clean,8.47111e-05,8.40232e-07
KASPOL_clean,0.000132199,1.93822e-05
WIHTIS_clean,8.02899e-06,6.35435e-07
KUFVIS_clean,0.00193192,0.000696378
NIMWUD_clean,0.000431944,1.96864e-05
HIQWOV_clean,5.93918e-05,5.26351e-07
WEZCIO_clean,1.44335e-05,1.60651e-06
ZOMNUM_clean,0.01892,0.00881071
FAGYEU_clean,0.00127781,8.33561e-05
QITZIE_clean,0.000674151,0.000142708
UXIQOJ_clean,5.85945e-05,8.3391e-07
WEHJOK_clean,0.000268913,5.55535e-05
NOHSUA_clean,0.000378098,0.000104106
HISGIB_clean,7.77765e-05,2.07391e-06
KIVFEB_clean,4.82855e-06,3.25936e-08
QIPROY_clean,0.000193937,3.49552e-06
ILOSOS_clean,3.38432e-05,4.90329e-07
VICSIL_clean,0.000149523,4.28334e-06
ZISNEW_clean,0.000306382,8.63769e-06
FANQER_clean,0.000646887,0.000265341
WORREC_clean,4.0459e-05,2.57376e-07
YIVNIC_clean,0.677076,0.416027
GAJVAQ_clean,0.015932,0.00423487
KUJNEJ_clean,3.44745e-05,3.17825e-07
VECZEK_clean,2.52429e-05,1.41204e-06
NEDXOL_clean,0.000284429,3.87096e-06
LIGHAM_clean,0.0055465,0.00186852
NOFQOQ_clean,8.92585e-05,3.59821e-06
OQESEJ_clean,0.000262099,6.69687e-06
MUNPER_clean,0.000100547,1.36162e-06
QOKCID_clean,0.000472714,1.44478e-05
LODPUQ_clean,0.00031596,3.08604e-06
KAVTUY_clean,0.000179247,6.03139e-06
OJIDAN_clean,0.386513,0.217068
JUJZIZ_clean,0.000422791,0.000162665
KACZIZ_clean,0.000113649,1.91876e-06
NEJSOM_clean,0.00023798,4.47982e-06
XUDYOM_clean,0.00102347,2.03258e-05
PUJQEQ_clean,7.43947e-05,2.08137e-06
JAQSAW_clean,6.97163e-05,1.36562e-06
ISUCUV_clean,0.00294251,0.00143167
YOZQEK_clean,2.26003e-05,4.15615e-06
EVADIQ_clean,0.000311267,0.000155299
OPENON_clean,0.000483006,1.45313e-05
PUTYEI_clean,7.18788e-05,4.21554e-07
NEHZIK_clean,3.05765e-05,2.84918e-07
VANNIK_clean,6.26014e-06,3.56978e-08
FIBKEI_clean,6.74053e-05,2.04163e-06
LIPRAE_clean,3.77035e-05,2.10319e-06
OSUGUG_clean,0.000657462,1.53814e-05
NAHDIM_clean,0.000922427,0.000100618
MUZRIJ_clean,0.000982172,9.53595e-05
ODODUI_clean,4.55548e-05,1.07477e-05
LEVDIB_clean,8.38983e-05,1.38522e-06
QOMFEE_clean,0.000107836,1.56081e-06
EREGOY_clean,0.00053769,0.000102832
NORJEL_clean,0.00418617,0.000824474
EDIKIL_clean,0.000107064,7.62818e-06
UZANEP_clean,0.015531,0.00718226
PENNAZ_clean,0.000376785,9.97276e-05
KALGEL_clean,0.000172004,1.6981e-06
LAYGAV_clean,0.000121604,1.62223e-06
XAPDEY_clean,6.62531e-05,9.30324e-07
NERMON_clean,0.0485592,0.0146337
WEGGAS_clean,0.000217019,4.57605e-06
XEGKUR_clean,0.000547026,0.000156864
YEMMAF_clean,0.000231763,7.98936e-06
ZICCIZ_clean,6.43134e-05,2.26151e-05
YEGKOM_clean,9.50446e-05,1.57413e-06
NUCPIM_clean,0.000319776,3.52905e-05
UQUCUG_clean,0.000333559,1.34495e-05
NIRNAD_clean,0.250182,0.0805141
KUKZOH_clean,0.000284328,5.13956e-05
OPOBIF_clean,7.20286e-05,1.64374e-06
QUBZAP_clean,3.10509e-05,5.00691e-06
QOFLAA_clean,2.20654e-05,2.93153e-07
GUJGEY_clean,0.000125992,2.38016e-06
OZUMIH_clean,3.74305e-05,2.15872e-06
DOYBEA_clean,0.000639012,2.35642e-05
VOLPET_clean,0.000360852,0.000130514
JOGBIR_clean,3.53672e-05,3.51197e-06
LEMNOH_clean,0.000151676,2.4816e-06
XAPTUE_clean,0.000408181,0.00018031
DONKUO_clean,0.00294362,0.00115872
FOMWOV_clean,6.25256e-05,1.00929e-06
RAHPAT_clean,7.85965e-05,1.83487e-06
HUSJUC_clean,0.000433723,5.15801e-05
KAVTEI_clean,0.000142497,1.92535e-06
GACQAE_clean,0.000119815,4.72513e-06
KEYFUR_clean,4.10659e-05,9.51194e-07
WOBHOL_clean,0.000138217,1.24273e-05
HUVHOX_clean,0.000237943,6.3173e-06
YOYZET_clean,4.54272e-05,9.67319e-07
GEDDEA_clean,7.33506e-05,1.43515e-05
HOGJIX_clean,0.000153059,4.52952e-05
XUMNIE_clean,0.000191494,7.8096e-06
NAKNUK_clean,0.00023088,2.24505e-05
XINRAP_clean,0.00202723,0.000728022
HEDTER_clean,0.000424831,5.56412e-06
EXALIZ_clean,0.000207726,4.8431e-05
IMUKUW_clean,0.000570188,0.000102511
EBOJOV_clean,0.00402057,0.00140948
ICIZOL_clean,0.0405926,0.00537955
IYUJAO_clean,0.000218761,2.77085e-06
KIYXUN_clean,0.00027334,3.45461e-05
GIMVAA_clean,0.000167915,4.66389e-05
IKOPIJ_clean,7.24666e-05,1.69491e-06
EPEWEC_clean,0.000116823,3.0223e-06
EDADET_clean,0.452232,0.204546
QUQFOY_clean,0.000997049,0.000293058
FABGUM_clean,3.93396e-05,9.28249e-07
NIGBOW_clean,3.42521e-05,8.901e-07
LEVYOC_clean,0.00216327,0.000548187
XUGWAZ_clean,0.000332347,1.54825e-05
OHUMIP_clean,2.62977e-05,3.26106e-06
UWUKII_clean,0.000400476,0.000124316
MUTCEL_clean,0.000193745,2.02205e-05
VURYOX_clean,1.27689e-05,1.13461e-07
KAJZIH_clean,8.89718e-05,4.06306e-06
VOGPEO_clean,7.34243e-05,1.43845e-06
YEKWOC_clean,0.00184796,0.000415494
HAZGOF08_clean_h,2.68667e-05,1.70743e-06
IHIWIF_clean,0.269937,0.0543704
GOSBOH_clean,2.59935e-05,5.22491e-07
FABCUI_clean,0.000185282,4.17195e-06
MURBEI_clean,7.57187e-05,6.6393e-07
WOJJOV_SL,0.00230348,0.000104019
PASTOU_clean,0.00301508,0.000477727
NEXVET_clean,1.28625e-05,4.50019e-07
DEHBIC_clean,0.000388293,0.000225988
XADGAM_clean,0.00163456,9.82327e-05
MARLAS_clean,0.00126744,0.000181796
WARJAC_clean,0.0219164,0.00313525
XUPSAE_clean,0.000915925,1.51732e-05
JUXFOZ_clean,0.000897415,7.77429e-05
LASQON_clean,0.000383716,3.53072e-05
DAHPAE_clean,3.23788e-05,1.14733e-06
ZUKNAW_clean,2.05456e-05,1.89898e-06
LUXFUG_clean,5.43599e-05,1.26889e-05
ZUWXUM_clean,6.06276e-05,3.90976e-07
DITYEM_clean,3.70425e-05,1.19874e-06
DOKDEN_clean,6.70188e-05,7.07397e-07
GERNOI_clean,0.000119473,2.09805e-06
MUFYAP_clean,0.0160895,0.00896594
RAYFEE_clean,9.94812e-05,1.27559e-05
OPIFUQ_clean,0.000126445,1.10225e-05
VERPOZ_clean,0.000333078,1.00578e-05
MIFQOJ_clean,0.000262765,1.34019e-05
QIVBUT_clean,1.41928e-05,1.16441e-06
PUFRIR_clean,0.00684443,0.00150681
IVARUT_clean,0.000253279,1.20677e-05
IQINAZ_clean,0.00486435,0.00114162
EWUKIS_clean,0.000912017,0.000127717
ZASJAG_clean,3.08772e-05,1.61575e-07
HABDAS_clean,0.000424348,0.00021893
KOQLUZ_clean,1.75516e-05,9.77247e-07
VIBHAQ_clean,0.000702515,2.23819e-05
FOFMOE_clean,0.00394287,0.00131124
QOSKAM_clean,0.00179283,0.000554994
GUYBAE_clean,2.84702e-05,2.5343e-07
QUKYUR_clean,0.117097,0.0197633
IQILIF_clean,0.00152661,0.000224004
OLELAS_clean,0.00063438,7.27274e-05
WOBQEL_clean,0.00616249,0.00163067
PIHNUQ_clean,0.000367778,4.66606e-06
UNEBIZ_clean,0.00563114,0.00077997
IPIVOT_clean,0.00153251,2.43156e-05
HUDMEA_clean,0.000146944,4.52452e-06
FAJZOI_clean,0.000948619,1.82741e-05
INARUM_clean,0.00309392,0.00104877
XULCIR_clean,0.000997086,0.000168038
ENOVAG_clean,0.0017596,0.000790462
OMUSAS_clean,0.000331242,0.000147153
HEGJUZ_clean,0.000147403,1.98053e-06
DOKHUH_clean,0.00928895,0.00223385
MAHTAR01_clean,0.0143752,0.00307511
MULXUO_clean,0.000754884,0.000280946
NUDNEH_clean,0.000136384,4.38765e-06
OWAVOY_clean,0.000127424,2.93804e-06
IYEHAX_clean,7.50565e-05,1.62035e-06
YIDSOT_clean,0.0647382,0.0227569
ORIBAU_clean,4.92652e-05,8.36117e-07
PUZTOV_clean,0.000524381,8.4109e-05
EBUFUE_clean,0.000169849,1.78468e-05
NUCPOS_clean,0.549378,0.207542
WOHZAU01_clean_h,0.065654,0.0284478
FERHAN_clean,0.000521015,0.000139699
OTAWIR_clean,0.000357787,8.5799e-05
OLUCAZ_clean,0.000120176,7.98844e-06
MAKSUO_clean,8.44898e-06,1.74718e-06
PEPFAT_clean,0.000290727,8.94166e-05
LAJJAK_clean,0.00028243,1.42032e-05
PUQDOW_clean,0.000158762,2.61701e-06
FIRPAZ_clean,3.93282e-05,5.86518e-07
DUPJAB_clean,0.00208269,0.000530094
ONUKAL_clean,0.00356636,0.000534147
MOLKAB_clean,0.0057005,0.00102075
VUJBOS_clean,2.82866e-05,6.3343e-07
IBAQEJ_clean,8.4399e-05,2.80021e-06
VUGYIH_clean,0.000252686,2.0052e-06
RATSAI_clean,0.0229761,0.00972377
GAXWEJ_clean,0.223056,0.097451
MUTVUT_clean,0.000167475,1.69186e-06
ZUQMAB_clean,0.000120328,1.61019e-06
XOHLEM_clean,0.0692425,0.0110484
FIPKUM_clean,0.00014074,3.06172e-06
NERVEN_clean,0.00179447,0.00134113
OVIDON_clean,0.00675814,0.00308542
GUFREF_clean,0.000358546,2.21043e-05
IYOWID_manual,1.46531e-05,1.10475e-07
OKUKOW_clean,0.00021666,0.000125043
PIQMUZ_clean,0.0478877,0.0265097
ICIKIP_clean,7.11397e-06,7.80144e-08
MATVIN_clean,0.000541366,1.18638e-05
IYESIQ_clean,0.00416266,0.00126026
URUWIP_clean,6.37774e-05,1.87056e-06
NUGROX_clean,1.54567e-05,1.79838e-07
LIDSIC_clean,0.000629889,0.000146881
KUDMAY_clean,4.79996e-05,8.3038e-07
LIQCUK_clean,0.000510156,9.65004e-06
QIHXIQ_clean,2.59539e-05,4.94699e-07
LACZIB_clean,0.000197818,5.23525e-05
URUVUA_clean,4.72292e-05,1.28035e-06
EQAMUG_clean,0.36281,0.16249
QUQGAL_clean,0.000207287,7.07829e-06
YOZYUJ_clean,7.94126e-05,6.71249e-06
DUKDOD01_clean,1.45887e-05,2.09535e-06
LOXKAM_clean,0.000261759,2.51763e-05
IQOKIK_clean,0.00143629,0.000553934
WOBCIB_clean,0.0354722,0.00969407
QITYOI_clean,0.00817528,0.00246311
XOPKOD_clean,5.7574e-06,6.66217e-07
XALTOV_clean,5.39418e-05,3.95018e-07
QOTWON_clean,3.35242e-05,1.13864e-06
XUMFIV_clean,0.000268662,2.98139e-05
GAFRUD_clean,6.04251e-05,1.24252e-06
FAYLIC_clean,0.00019322,2.07483e-06
QUVFET_clean,0.000875273,9.67906e-05
OHOMIH_clean,0.00010494,8.79311e-06
EXEMUR_clean,3.93726e-05,9.79478e-07
QOGPIM_clean,4.04393e-05,1.83404e-06
DITXOU_clean,6.03569e-05,8.25487e-07
KOZQIB_clean,1.73646e-05,2.664e-07
FIHRIZ_clean,9.62378e-05,6.74748e-07
IYASOS_clean,0.000679563,6.01168e-05
DACYAI_clean,0.000443658,6.62749e-06
VADWON_clean,0.000399038,2.42809e-05
UYAMOY_clean,0.000673061,7.60836e-05
FAKMAH_clean,4.83631e-05,7.08037e-07
KUVMUL_clean,0.000170879,1.16202e-05
IDIXAU_clean,4.73499e-05,8.54317e-07
MAGDAB_clean,0.000292855,2.76756e-06
ZEFLAZ01_clean,0.00027534,1.07894e-05
MUPQAQ_clean,0.000236761,0.00010643
HAZSIL_clean,8.20133e-05,4.71439e-06
EDABOC_clean,0.000596853,1.49118e-05
QEZZOL_clean,3.60044e-05,1.22913e-06
HUMWIX_clean,0.00014008,2.51178e-06
ECUDEM_clean,0.135391,0.0368609
JUSHIQ_clean,0.00165285,0.000388664
GOTNEK_clean,0.00609262,0.00330995
KIKFIV_clean,0.00148659,0.000477644
NACYUM_clean,0.0978127,0.0172586
EYACOX_clean,0.0135323,0.0049282
NEDWIE_clean,0.000122112,2.31328e-05
DOQRUW_clean,0.000526548,5.9862e-06
VAHQAY_clean,0.000154314,4.04826e-06
UNECUN_clean,0.000155184,3.4606e-05
LASDEQ_clean,5.10157e-05,6.21109e-07
DAGJED_clean,0.0011155,0.000200178
EXAPEA_clean,0.000121505,2.23365e-06
GEBCAT_clean,2.87792e-05,1.09161e-06
KIYQOA_clean,0.00180536,0.000226122
WEVRUK_clean,6.39624e-06,1.03448e-07
MALWUU_clean,0.00029178,1.13e-05
VIVLAP_clean,0.0103061,0.00582996
XIGHIF_clean,1.8346e-05,3.1234e-07
IZEHAX_clean,0.0116424,0.00664504
HEMTEZ_clean,0.000289477,7.77631e-05
QITDOO_clean,0.0274852,0.00657963
IZEPEJ_clean,3.48759e-05,2.55538e-06
HUVNAP_clean,2.88679e-05,2.54807e-06
QEBKUF_SL,5.15748e-05,7.53926e-07
HUWDEJ_clean,0.000494675,9.13972e-06
LIBZIG_clean,0.0736256,0.0359227
JORVET_clean,0.000367862,0.000120097
GISNED_clean,2.14068e-05,1.98405e-06
NANZOS_clean,0.00147302,0.000376426
WETPES_clean,0.000204332,5.28031e-06
QAVWAN_clean,0.000297235,6.28485e-06
FEXCES_clean,0.00303802,0.000992244
ZIKJOU_clean,0.000229757,7.0524e-06
YAYRAT_clean,8.15473e-05,2.13979e-07
IHERIY_clean,0.000904334,0.000163007
EBIJAC_clean,0.000113018,4.07467e-06
IQOJEF_clean,0.000227002,2.06803e-06
NUHPAI_clean,0.00274618,0.000545487
ZILBUT_clean,4.1437e-05,6.22404e-06
MEXJAC_clean,0.00851608,0.00363417
JEBDOK_clean,0.000254123,1.38678e-05
GEGSIW_clean,0.0110223,0.00126932
XUMSOP_clean,2.34895e-05,3.58771e-07
IPIHIA_clean,0.0131816,0.00111924
EREFEN01_SL,0.000424671,8.29783e-06
PAPPIH_clean,0.000403644,3.73299e-05
ONEYOW_clean,0.000284262,5.84511e-05
HODWUS_clean,0.000308562,2.39998e-05
LAZJIH_clean,8.34036e-05,7.40699e-07
EZEQUX_clean,0.000253412,3.95441e-06
DIKJUD_clean,0.000516485,1.82494e-05
GOWVOF_clean,0.152176,0.0457386
LALFEL_clean,6.39753e-05,1.18484e-05
HOGJOD_clean,0.00066116,3.81226e-05
GUCJAQ_clean,0.000135591,3.8982e-06
GULWOA_clean,0.00164861,0.000490767
EFEGOM_clean,6.49385e-05,8.1756e-07
WUJPIC_clean,0.000288835,1.50519e-05
YUMKAU_clean,0.0037966,0.000739854
RAZJIM_clean,0.000302553,1.39625e-05
ENEQUL_clean,9.34964e-05,1.54331e-05
GUKXIU_clean,0.000369423,2.83797e-05
YIXBIQ_clean,1.42259e-05,4.3751e-07
RAXQEO_clean,4.89563e-05,9.96616e-07
YUYLOV_clean,9.51513e-05,2.898e-06
VELVOY_clean,8.42802e-05,3.92746e-06
XAHQAA_clean,1.24798e-05,1.52315e-07
EZULAO_clean,0.00435152,0.00091222
IYAKIE_clean,9.00663e-05,1.18561e-05
NILGOG_clean,2.78418e-05,2.14232e-06
QILBUK_clean,7.62264e-05,3.8438e-06
XINZEB_clean,0.0663706,0.0144216
OFEREX_clean,0.000506087,0.000104118
REHMEY_clean,0.00481758,0.000922972
KOKDEU_clean,0.000126194,6.97924e-06
IQUCOO_clean,0.00488582,0.000960089
NOQGIL_clean,0.000341688,1.38608e-05
VAGTUU_clean,0.0104356,0.00161289
LUYSOP_clean,0.000188525,4.16293e-06
OXEVOE_clean,0.000221801,6.65225e-06
CUXJEM_clean,0.0159872,0.0155467
RABHIH_clean,0.000113329,1.26788e-06
GEFFUT_clean,0.000215693,5.88227e-06
XOVQIJ_clean,0.00011145,8.34063e-06
YUGZIK_clean,2.65129e-05,1.79231e-06
PASKAX_clean,0.000137293,6.48164e-06
KUJMIN_clean,0.000125329,3.70928e-05
VIGNOQ_clean,0.000108782,1.38739e-05
HUJSEL_clean,1.93687e-05,7.52576e-06
XOMJUE_clean,0.0013657,0.000612138
NALYEG_clean,9.58341e-06,1.29953e-07
PEYSIW_clean,0.000542144,3.48492e-05
HADDOI_clean,0.000379042,1.21635e-05
PIGXAF_clean,3.28468e-05,1.1728e-06
OQETEK_clean,7.05386e-05,4.59657e-06
KOKKOL_clean,0.000753952,9.3909e-05
IBITEU_clean,0.000591819,2.18943e-05
VIMRAM_clean,4.27019e-05,1.43408e-06
UVASAM_clean,0.000698294,1.81113e-05
GEPDIQ_clean,0.0190968,0.00227638
PAQMAY_clean,0.000206824,7.9764e-05
PEMRIK_clean,0.000207597,2.70324e-06
ZARZAV_clean,0.00197902,0.000109796
QOWLEU_clean_h,6.34158e-06,1.11536e-07
LASYOU_clean,6.19077e-05,1.87844e-06
GEPDEM_clean,0.00485915,0.000873468
ICEGED_clean,0.00156864,0.000693667
ENAFAB_clean,5.76117e-05,3.13937e-05
XOVVOU_clean,0.0030639,0.000457902
VUKHOZ_clean,8.06776e-05,9.83369e-06
WIJXIY_clean,0.000131904,2.76063e-05
KIDDOS_clean,0.00696034,0.000508476
HAWZEM_clean,0.000781788,1.3838e-05
NOFDUI_clean,0.000319316,6.76633e-06
EHEKUY_clean,0.000298921,1.48272e-05
DOMKEX_clean,0.000116131,4.99529e-06
XOTSIK_clean,0.0011016,0.000232955
VUNHAO_clean,1.26805e-05,1.94442e-06
PIJROR_clean,0.00080472,0.000431543
HEFDIH_clean,1.34618e-05,4.35846e-07
WIVRIE_clean,0.000951324,0.000311641
NIJSAC_clean,0.000100705,4.16966e-06
RAPYUE_clean,2.88602e-05,1.28153e-06
KOGJOG_clean,0.0350239,0.00681767
QUQWUW_clean,7.33616e-05,1.24051e-06
XUKHUI_clean,0.0481403,0.0174276
OTAVUB_clean,0.000169726,9.67923e-05
YEZKUL_clean,0.00990366,0.00188894
DUJRAD_clean,0.00702321,0.00138286
NUCREJ_clean,1.68476e-05,1.20898e-06
LAZXOB_clean,9.08994e-05,3.91673e-06
LORRUH_clean,0.0166141,0.00594165
EHODOV_SL,0.000184619,1.88577e-06
ZARVIZ_clean,6.49599e-06,1.50325e-07
HUPQIU_clean,4.92999e-05,1.25928e-06
OYIVOI_clean,0.00479345,0.000950649
DUDKUK_clean,0.000379905,7.02233e-05
YEMTIV_clean,0.000712255,6.237e-06
LABJUV_clean,6.27415e-05,3.35394e-06
WODXEU_clean,0.0159694,0.00506395
FUYCAE_clean,0.000142227,5.68394e-06
OPAPUR_clean,0.000850069,0.000478502
EVUDAA_clean,0.00389039,0.000558853
KIBDIJ_clean,0.54324,0.124658
VOJGOS_clean,0.000138012,1.93772e-06
VEJHID_clean,0.000294997,6.51588e-05
VALXOY_clean,9.20132e-05,5.71248e-06
OPENUT_clean,0.000482933,7.48535e-05
DAPWAT_clean,7.41275e-05,1.88258e-06
EPEYAB_clean,0.000221046,5.37355e-06
HUCFAO_clean,0.000153325,4.10414e-06
VOGTIV_clean_h,0.000918271,0.000215881
JENKIX_SL,6.39348e-05,1.27938e-06
PITPIT_clean,0.000272692,1.79918e-05
KUKQAK_clean,0.0177425,0.00897232
UXEFEJ_clean,1.02979e-05,5.74705e-07
GUHMIH_clean,3.56888e-05,1.61515e-06
FIHHUB_SL,7.17273e-05,1.46519e-06
FASGEO_clean,0.000307013,9.29574e-06
VEMSUC01_clean,0.000218074,2.53333e-06
OTOVIE_clean,0.00113791,5.84434e-05
EXOZIB_clean,3.0441e-05,1.08999e-06
UTIYED_clean,0.00597125,0.00123283
FUTZOK_clean,0.189669,0.0968161
HOGQIF_clean,0.0232124,0.010535
UZIJUJ_clean,0.0140269,0.00620517
VIWMEV_clean,3.25597,9.38588
ZETLER_clean,7.3389e-05,8.5657e-07
QALNIA_clean,0.107809,0.0145374
DUPKAC_clean,4.68951e-05,4.6164e-06
QIVQAP_clean,0.00274084,0.000985689
ZISFEO_clean,0.00363734,0.00060202
PAKXIK_clean,0.00221756,0.000485594
HAFWIW_clean,0.000119625,1.05654e-05
FURFOP_clean,0.00031432,6.96948e-06
VINHOR_clean,1.10345e-05,1.86536e-06
ZILBIH_clean,0.000105712,1.19202e-06
OQIQOW_clean,0.451992,0.0840543
GIWNUV_clean,0.000638814,0.000109157
POMSOB_clean,0.00491001,0.000645236
LASWIN_clean,0.0180803,0.00293164
NAYXOC_clean,0.00294425,0.00188907
DOLRAZ_clean,0.00116292,0.000183985
GAWJEV_clean,0.0641241,0.0352214
QUQHAM_clean,4.78145e-05,2.6016e-06
EQERAU_clean,0.000399372,9.26685e-05
ILIQIF_clean,0.000422502,3.06335e-05
WOJZOM_clean,0.0461607,0.0138862
OJIWIO_clean,0.000361822,1.36134e-05
GIRZAK_clean,0.000183253,1.61065e-05
PEVBUP_clean,0.000222523,5.27445e-05
VASKOR_clean,0.000105662,1.91079e-06
XULFOA_clean,0.0038628,0.000141547
JUZSEE_clean,0.000358862,2.29215e-05
GIXNAE_clean,4.47098e-05,5.11598e-07
VULKOD_clean,0.0021124,0.00085245
QERWAL_clean,0.000140494,2.16264e-06
IYEPUZ_clean,0.00180789,0.000662761
PUWXAH_clean,5.63568e-05,1.31611e-06
WIDWOX_clean,0.00170826,0.000623132
HAWZIQ_clean,0.0425783,0.0225135
QOPPOC_clean,0.00246996,0.000248122
KIVFEC_clean,0.0716626,0.0445846
YARKOT_clean,0.000127925,1.76536e-06
ORAWAH_clean,0.000125377,3.32533e-06
VAZROF_clean,0.000388153,5.92126e-06
PAHPOG_clean,9.58237e-05,1.41409e-06
REGRIG_clean,0.000204578,4.12681e-05
IHAZOH_clean,0.000255325,2.26961e-05
VOBRUB_clean,0.000185032,5.89479e-06
XADGOA_clean,3.81916e-05,6.66016e-07
XUNHAQ_clean,0.000453271,5.3333e-06
XEQRAO_clean,0.000886691,0.000127855
VACFUB01_clean,2.61527e-05,2.96499e-07
JUYROM_clean,0.00010536,1.70455e-06
IXAKAU_clean,5.59764e-05,1.71659e-06
HOMZEP_clean,0.000469063,8.39619e-05
LOCZIO_clean,0.000366565,8.96248e-05
XISXEE_clean,5.66974e-05,1.96006e-05
WOHDON_clean,0.00108752,0.000465943
NOMKUX_clean,2.28604e-05,3.08394e-07
GIQZIQ_clean,0.0135928,0.00182929
XOBDUO_clean,2.11356e-05,4.71022e-07
YUNKAV_clean,0.000983153,2.68264e-05
IJANEN_clean,0.000133428,1.95994e-05
YOGKOW_clean,0.000103092,9.14676e-06
XUHVON_clean,0.000117146,2.71221e-06
CUYWUP_clean,0.000781023,0.00014816
VIWZOR_clean,4.03851e-05,1.13643e-06
LUMZEA_clean,0.000216028,7.71126e-06
XUTQEI_clean,3.54584e-05,3.41348e-06
VIVXOP_clean,7.23457e-05,3.16715e-06
IPIFAP_clean,4.08377e-05,1.07684e-06
WEFZIS_clean,0.0556013,0.0141276
INURIS_clean,0.000137514,8.95419e-06
EZAWIL_clean,4.13227e-06,4.36396e-08
YIKJUZ_clean,3.14345e-05,2.3247e-06
HUFJID_clean,0.00019155,3.34103e-06
YAPXIX_clean,0.000722914,2.50992e-05
MUTGUD_clean,0.000151219,2.40268e-06
NUFCAU_clean,0.00269007,0.00060836
EPAVAU_clean,0.0121836,0.00331609
IVILEG_clean,0.000657694,0.000213115
VOVLAV_clean,1.4446e-05,3.0293e-07
IBACAS_clean,0.000125872,2.32518e-06
KUVYAD_clean,0.000211089,4.11364e-05
EXAXAE_clean,0.000120946,1.99183e-05
QIJLAW_clean,8.46351e-06,1.01325e-07
KIJPUQ_clean,0.00177571,0.000304006
VIRXIF_clean,0.000156415,3.84775e-06
LABRUE_clean,0.000112474,3.50959e-06
MUKRAN_clean,0.000348001,9.99337e-06
LUNWEW_clean,0.000138566,4.55567e-06
IGAHAB_clean,0.000380063,2.63886e-05
YONNAR_clean,0.000256452,9.24165e-06
WIRNAO_clean,0.00137112,6.02481e-05
LUTZEH_clean,2.32122e-05,1.65351e-06
XEJXER_clean,8.78001e-05,1.11442e-06
MOGMIE_clean,0.00963491,0.00133135
MAYGAU_clean,5.46582e-05,1.33173e-06
LIVTIT_clean,0.000178916,5.28827e-06
XINJAH_clean,0.00440897,0.00042989
GUKFEY_clean,0.00061207,0.000111275
ZIWLUO_clean,0.000128092,4.19447e-06
XAQMOS_clean,0.00833164,0.00449885
KOMVIT_clean,9.67989e-05,4.57757e-06
EXOTUH_SL,0.000105763,1.51286e-06
KEDQAN_clean,0.000190702,3.24819e-06
HEDCIE_clean,8.46469e-05,1.74061e-06
NEHGIS_clean,0.000594974,4.10396e-05
FONQIJ_clean,0.00271044,0.00145038
LELRUR_clean,0.0021429,0.000440405
DUWGEJ_clean,0.000442242,6.05649e-05
IBATEM_clean,4.42887e-05,6.8917e-07
PEYVEV_clean,0.000335028,1.87895e-05
KOMJON_clean,2.57348e-05,7.15514e-07
FEZREJ_clean,0.00602421,0.000948248
MURCOR_clean,7.44171e-06,9.01199e-08
ZINDAD_clean,0.000276066,0.000134697
GOQXAN_clean,0.00845125,0.00181298
DIWNAA_clean,0.00163049,0.000472889
WUCRUH_clean,0.0262162,0.00229683
HUJGEA_clean,0.000106642,1.93104e-06
VEFLUP_clean,0.00300623,0.000480385
EJOZOU_clean,8.69077e-05,1.46882e-06
XALDOE_clean,0.0010907,0.00015425
PAJSAX_clean,2.85322e-05,3.20055e-07
MOSDUT_clean,0.00443847,0.00152612
IYOVUO_clean,0.000157771,1.04551e-06
VUNYUZ_clean,0.000319234,3.53246e-05
FEWQOP_clean,0.000121861,4.05624e-06
MUWQEB_clean,0.000276587,8.92445e-05
IDORAW_clean,3.35374e-05,1.21229e-06
DODHUA_clean,0.00394455,0.000158758
HUJVOX_clean,0.000156298,3.71351e-06
PODKUQ_clean,2.69154e-05,3.7347e-07
EDUWAB_clean,9.62917e-06,2.0728e-07
LUXWUY_clean,0.121143,0.0358008
LITDAV_clean,0.0008234,0.000228127
XILLIP_clean,0.000187332,4.68119e-06
OKELOH_clean,0.000153832,2.86924e-06
OVUDAL_clean,1.2144e-05,1.08658e-07
QOHTUD_clean,0.000576981,0.000154576
EBEGID_clean,0.0068458,0.00154093
HIBQUE_clean,0.000642725,1.91466e-05
UZANOZ_clean,0.00254657,0.000578708
HOJJUN_clean,0.000256823,1.06591e-05
YAZWOM_clean,3.34077e-05,6.25466e-07
KOHKOI_clean,6.66797e-05,4.03054e-06
XUYDIF_clean,7.6675e-05,8.3723e-06
LACJAC_clean,0.000353605,6.84253e-06
RAXDAX_clean,2.77173e-05,2.35811e-06
UTOTUT_clean,2.83308e-06,1.24769e-06
LACQIS_clean,0.000312943,3.54104e-05
YAPMAF_clean,0.000390099,0.000289218
MOJJUR_clean,0.402543,0.0751564
YUSWIU_clean,0.000528556,0.000224208
ONEJUN_clean,1.44168e-05,1.12914e-06
PAMTUU_clean,0.000942692,0.000271672
UQEGII_clean,0.00102076,0.000547321
HUWSUN_clean,0.000158601,2.31526e-06
VIDWIQ_clean,0.0791186,0.0457255
XIYYEL_clean,3.65011e-06,2.71042e-08
GUHPEG_clean,0.131945,0.0607899
YEGCUJ_clean,8.87941e-05,3.59098e-06
HOYROE_clean,0.000176804,1.00718e-05
YUSGID_clean,0.000114121,3.72075e-06
NAQREE_clean,0.00030337,0.00010604
EZIPEK_clean,6.99602e-05,6.48069e-07
EBELUU_clean,0.00102372,0.000208633
GAYPED_clean,0.00019736,1.32854e-05
KAVXAI_clean,0.000471524,1.09634e-05
KESHAT_clean,0.429053,0.275292
GOGSIF_clean,0.00569498,0.00246224
LOSXIC_clean,0.000228563,2.35625e-06
NAYHAY_clean,5.40018e-05,2.56892e-06
PURRIE_clean,0.000334408,1.90777e-05
DITTEH_clean,0.00242792,0.000479817
NOKPEJ_clean,0.00333035,0.000247181
FIFPOA_clean,8.90511e-06,2.62986e-07
KOCCUC_clean,0.00303054,0.0010118
JIVSEN_clean,0.00114675,0.000301483
ENIXUV_clean,0.000241211,1.06059e-05
ORIWET_clean,0.00104496,0.000132104
JELPAS_clean,1.1142e-05,1.13111e-07
XAXBEF_clean,8.16987e-06,5.66093e-07
MIJFIU_clean,0.000160831,8.69677e-06
YAZZEG_clean,0.0188158,0.00694327
EWUCOP_clean,0.000141068,2.30868e-06
NUBBAP_clean,0.000170708,9.93778e-05
XISVUR_clean,0.00597964,0.00116984
DIMKUH_clean,0.190652,0.0579182
NOFHUM_clean,0.0101612,0.00131051
LEVLEF_clean,0.239426,0.755601
PEQRUZ_clean,0.00191162,4.78039e-05
HIQNUS_clean,0.000828652,3.24591e-05
PUDSUD_clean,0.083911,0.0546967
HOZTOG_clean,1.00949e-05,1.79472e-08
ZUCKIT_clean,0.136028,0.0142027
RAKPEZ_clean,0.000244184,1.04961e-05
QOFDOG_clean,8.94694e-05,1.5652e-06
INOSIO_clean,0.00260051,0.000712396
DAWWAB_clean,0.00022738,3.93373e-05
FOKGET_clean,0.000896413,0.000394821
LUDRUZ_clean,0.000180991,5.35399e-06
PIQFIG_clean,3.89802e-06,5.94085e-08
IMUVES_clean,0.00315613,0.000371498
FISGOF_clean,1.69821e-05,2.03965e-07
QAWROW_clean,0.0694856,0.00998146
OQUZIL_clean,4.87478e-05,2.13088e-06
FUNQEM_clean,0.000723816,0.000389509
VIXCUB_clean,0.000261193,3.39411e-05
GOQSIQ_clean,0.000104938,2.87175e-06
LADQUF_clean,0.0028091,0.00110639
WINCEC_clean,0.000915226,0.000310912
QATLEE_clean,0.000595819,1.12584e-05
VOXKIE_clean,0.0639503,0.0250709
UXUYUI_clean,1.45898e-05,3.58846e-07
EJEFOP_clean,0.000163754,1.40433e-05
VOYLUS_clean,0.000279844,4.46053e-06
XUFWOM_clean,9.65586e-05,1.37944e-05
GEGHAD_clean,0.0014886,0.000195744
DEBGIA_clean,0.0172828,0.00614906
EGIFUV_clean,1.95758e-05,2.47516e-07
WUBHEI_clean,0.100965,0.011551
WIKLOT_clean,1.7581e-05,2.80154e-07
IBUDOZ_clean,0.000308996,5.20877e-06
LOXBEH_clean,0.000406459,5.56386e-05
YEZSEC01_clean,2.34031e-05,1.77406e-07
HUXDOT_clean,0.00010251,7.72256e-06
LEQVUZ_clean,4.32855e-05,1.25794e-06
POMMAH_clean,0.000209854,7.80919e-05
NOKLIJ_clean,9.99791e-05,7.63981e-06
UZOBAN_clean,0.000627121,9.73981e-05
VUWPIN_clean,2.5012e-05,1.4347e-06
QUZZES_clean,0.00147436,1.60228e-05
JOFKIA_clean,6.3327e-05,1.77324e-06
GIDKOU_clean,0.00469305,0.000232063
QISVEU_clean,0.000468205,4.23816e-05
KICXEB_clean,7.0872e-05,1.18971e-05
IVEQEG_clean,0.000365635,1.14519e-05
XIGFOJ_manual,7.89501e-05,1.53868e-05
YAJZIV_clean,0.0240689,0.00446283
OTAXOX_clean,5.25132e-05,2.29148e-06
ZUXPOZ_clean,4.18928e-05,7.92406e-07
NAJTEA_clean,0.00507765,0.00200648
ZOZHON_clean,9.10769e-05,7.5621e-07
MUGXIX_clean,0.0405913,0.0296465
WIRMOB_clean,0.00129307,0.000160703
NEDJAJ_clean,0.00528125,0.00220556
RASKON_clean,0.0161204,0.00196486
KOCWEF_clean,0.0109065,0.00277879
FAHGAY_clean,7.43023e-05,5.12405e-07
KUNLEL_clean,0.000347928,4.06968e-05
UXOXAH_clean,0.000593235,5.41549e-05
INIRAA_clean,0.0243592,0.00672559
EXEQII_SL,0.000138797,4.72467e-06
VICDOC_clean,0.000712885,1.07765e-05
GEVXIQ_clean,0.00608939,0.00285978
WESNIS_clean,2.80176e-07,3.50077e-08
VOYXUE_clean,0.00344863,0.000972908
LEDPIU_clean,0.000120942,5.92099e-06
VIPXUO_clean,0.00178061,0.000277143
OKABEI_clean,3.17335e-05,1.10753e-06
PONSOC_clean,0.00118283,0.000432749
ZERQOE_clean,0.00142165,4.43955e-05
NEGMUI_clean,0.0062717,0.00243424
MINVUA_SL,5.51864e-05,1.04432e-06
IYOBAA_clean,8.64527e-05,1.15727e-05
GUVCOP_clean,8.07299e-05,1.87836e-06
ENITOL_clean,7.4304e-05,1.08526e-06
ESASEY_clean,0.000215583,4.70856e-06
WIFBAQ_clean,0.000162034,4.05206e-06
KANDIO_clean,0.000314803,1.07703e-05
HOJLUP_clean,0.000119232,1.57228e-06
KOBPUN_clean,0.00154297,0.000132022
PEFTAX_clean,9.48907e-05,5.57071e-06
LUBNAZ_clean,0.00010959,1.20383e-05
IZOTUM_clean,1.39706e-06,7.01816e-08
KIGCEK_clean,0.0036327,0.00132537
YUBHAG_clean,2.62542e-05,7.32456e-08
LUWNAU_clean,0.000133464,5.79037e-05
OPAGIX_clean,0.00110767,0.00023085
JUYJIY_clean,6.3786e-05,2.98572e-06
LIBKEO_clean,5.10229e-05,1.19954e-06
FEYDET_clean,0.00028751,3.4458e-06
NAHHOW_clean,0.000118379,2.82337e-06
GEZRAG_clean,0.00054457,3.19998e-05
DITSIK_clean,0.0137134,0.00336984
HAMRIY_clean,5.02831e-05,1.35563e-06
XEVHEN_clean,0.00532227,0.00248895
DUPVER_clean,5.87948e-05,6.7668e-06
FOPFAS_clean,5.99213e-05,1.39581e-06
PEJFUG_clean,0.00135272,7.3546e-05
JOGSAA_clean,2.1466e-05,2.57915e-06
FIDRIV_clean,0.000116657,4.29417e-05
XACZEH_clean,1.74803e-05,1.85917e-06
KAVLID_clean,0.000178284,8.17438e-06
YOFXIC_clean,0.000261356,8.13628e-06
XULVAD_clean,0.97509,0.192333
INOVEN_clean,0.000691166,5.65551e-05
QALHIX_clean,5.77166e-05,1.22523e-05
HULRIR_clean,0.000253492,4.42236e-05
IMAGAG_clean,0.000300967,5.49183e-05
DIVQAB_clean,9.78018e-05,3.63414e-06
EDADIX_clean,0.000409615,7.70034e-06
KADLUZ_clean,6.67244e-05,6.61525e-07
WAHGIY_clean,0.000216417,4.186e-06
QUSRUT_clean,1.73791e-05,6.68192e-07
OGIYUZ_clean,0.000281669,1.11235e-05
XAJQAC_SL,0.000504758,8.51866e-06
MEJQOJ_clean,0.000381379,9.35815e-07
HISJIE_clean,0.00265486,0.000419568
PEGCIP_clean,0.00239877,0.000709017
QESLOQ_clean,0.0131335,0.00289027
XITYOP_clean,0.000132124,3.85382e-06
EXECAN_clean,0.000300195,8.63001e-06
IYAHEX_clean,0.252001,0.0955955
DIYKED_clean,1.47666e-05,3.05577e-07
YABHIV_clean,4.88742e-05,9.74429e-07
GIYSOX_clean,0.0001183,1.81376e-06
VAYWID_clean,2.34743e-05,6.12938e-07
NIJZOV_clean,4.50607e-06,7.40646e-08
DUTKAG_clean,0.000100282,6.91739e-06
DADPEG_clean,1.21927e-05,2.2047e-07
FAJYAS_clean,5.49594e-05,8.8225e-06
LOXWEC_clean,2.81781e-05,3.56135e-07
YEBLAT_clean,6.96724e-06,4.18941e-08
LUPYAX_clean,0.00117595,8.28124e-05
IZERAI_clean,0.000418499,4.74666e-05
XOJWEZ_clean,0.00015279,7.61021e-06
RALZEL_clean,0.00033287,1.19809e-05
QOZPOM_clean,0.000114269,1.51729e-06
QUFKIN_clean,0.0328757,0.00770015
PARMIG_clean,0.00394854,9.43574e-05
IKUTUF_clean,0.0144891,0.00703968
IYESUC_clean,0.000441622,0.000262502
ILEPEW_clean,0.0304933,0.0093952
DEZCER_clean,0.000397496,4.05989e-05
ZISYAD_clean,0.000335954,3.56692e-06
NEYZAU_clean,0.080673,0.0214082
ZOZKEG_clean,0.00996918,0.00331678
QOVWOP_clean,0.000146181,3.85334e-05
KOZSOJ_clean,1.81044e-05,4.62451e-07
DAFHOJ_clean,0.000126801,4.26289e-06
ZAFXAI_clean,4.23977e-05,1.61142e-06
KIJRUS_clean,8.79411e-05,2.12624e-06
GUVBOQ_clean,0.000174324,8.02321e-06
USORUR_clean,0.000945028,0.000261839
WURKEB_clean,0.00155197,0.000375666
JIWKUW_clean,6.71028e-05,5.57615e-06
VAPFUP_clean,0.000872242,8.59901e-05
YAYPOF_clean,1.79051e-05,3.1883e-07
FARBIL_clean,0.000143085,5.21378e-06
EWETUW_clean,0.0136055,0.00370009
XOMCIL_clean,0.0114551,0.00103479
GAZLAW_clean,8.85241e-05,2.33985e-06
XICVUB_clean,8.06263e-05,1.9491e-06
LOJFUL_clean,0.00348304,0.00240356
OLEKUM_manual,6.02736e-05,1.66143e-06
WUTCAP_clean,5.01888e-05,1.49757e-06
EWUGEK_clean,0.000248461,1.35088e-05
VOPCIO_clean,0.000735347,0.000403819
ETIXIQ_clean,0.000149786,4.79086e-06
PEBNEP_clean,0.000144505,6.13964e-06
ETAYAA_clean,0.0139411,0.00286652
DOYBAV_clean,0.00088862,7.66656e-05
UVUFUN_clean,0.000931531,0.000138787
JEXSOV_clean,0.0147831,0.0043944
LIJXEI_clean,0.000128944,9.59409e-06
YONNUL_clean,0.000308997,1.25063e-05
MONQIR_clean,0.0104967,0.00359051
VOCPEK_clean,0.00601567,0.000589878
VAGKOF_clean,0.000256596,1.49707e-05
IWEVAJ_clean,2.80728e-05,1.36114e-06
JUQVAU_clean,0.000523419,0.000228179
KUMJIN_clean,0.000790325,2.55986e-05
EXOFIH_clean,0.000784321,3.07759e-05
LUTDAG_clean,0.000121841,2.31812e-05
FAGREM_clean,0.000364385,6.70784e-05
VIXZUZ_clean,0.0352211,0.00754417
LABKIL_clean,0.000223771,1.73882e-05
QEBGEL_clean,0.000131968,1.20624e-06
GOVHOQ_clean,1.36918e-05,2.83718e-07
XIFHIF_clean,0.00141233,0.000158841
POHWIU_clean,3.63466e-05,6.8246e-06
LORKEK_clean,0.452418,0.018238
LACBID_clean,0.0001792,4.53829e-05
MAYKOO_clean,2.75728e-05,6.41687e-07
QUFTAM_clean,0.000367928,1.12342e-05
VOFFED_clean,6.3574e-05,2.87975e-06
PAMVEG_clean,4.32947e-05,9.72399e-07
HISSIN_clean,0.261363,0.198391
USUVIP_clean,0.000144102,2.99374e-05
XUFYEE_clean,0.000451608,6.02375e-05
NOSHIO_clean,6.31557e-05,1.89604e-06
FIMZAE_clean,4.48545e-05,1.30129e-06
KUNRAO_clean,0.00066662,2.84623e-05
GUQTOB_clean,3.38601e-05,1.86246e-06
PESTUD_clean,0.000673584,1.15565e-05
RAJFAL_clean,0.0477827,0.00831477
UNIMAG_clean,0.00330922,0.00157642
HULCOI_clean,2.75652e-05,5.31079e-07
ETAXUT_clean,0.00164218,0.000738181
FAFDEX_clean,0.000219696,8.78272e-06
VIXVUV_clean,0.000718359,2.16585e-05
UVIPOF_clean,4.98022e-05,9.78568e-07
WENLEI_clean,0.00825084,0.00285468
ENERIY_clean,6.56893e-05,6.16706e-06
QOPPES_clean,8.25019e-05,4.24391e-06
KIYMIQ_clean,0.000710081,1.95947e-05
QAGQEW_clean,0.00022074,4.67159e-05
ODUNEH_clean,0.000534118,6.85687e-05
VEQBID_clean,2.07834e-05,4.20219e-07
GINLIA_clean,0.00101479,0.000215816
XOKHIP_clean,0.00280128,0.000303702
KARNAU_clean,3.9899e-05,1.48085e-06
DIHYUP_clean,0.000394567,2.4337e-05
XECJUK_manual,0.1105,0.00957253
VOXQOQ_clean,0.00602668,0.000570924
UTUMAY_clean,0.000128155,6.397e-06
NUBPIL_clean,2.56917e-05,3.39763e-07
XAGDAL_SL,0.00131573,0.000376154
MOTKAI_clean,0.00220165,0.000118241
JILXOS_clean,0.000337388,8.3695e-06
FAZFET_clean,0.0235626,0.0199434
KIFDIM_clean,0.00969977,0.00469079
QUSQIG_clean,7.38138e-05,2.06469e-06
NUCYIV_clean,0.00127075,0.000387769
KEFBOO_clean,7.12272e-05,9.79964e-06
UNIPEN_clean,0.00878526,0.00449319
DOPJAV_clean,7.58877e-05,2.91561e-06
LOFJAT_clean,0.000191678,4.56748e-06
NEDKUD_clean,0.000393397,5.79897e-05
QIFTUW_clean,0.00127395,7.27263e-05
MIZCEF_clean,0.000172054,2.29446e-06
OTAQAD_clean,0.000350264,4.34826e-06
WIMJAE_clean,5.3158e-05,3.23444e-06
HAYTEI_clean,0.177688,0.0327387
DOTFOJ_clean,0.000289836,1.71194e-05
IFEHUY_clean,0.00555823,0.00268403
RAVFIF_clean,0.000788272,7.48296e-06
IDORIE_clean,0.000146878,4.06554e-05
QIWHEL_clean,0.000369904,2.96174e-05
WOGHEG_clean,0.000565028,1.09354e-05
ESIDOB_clean,0.000689021,1.6151e-05
DIDDOK_clean,2.42817e-05,2.07652e-07
FUWMIU_clean,5.03422e-05,5.80595e-06
QAGCIN_clean,2.07006e-05,1.99921e-06
NANYUX03_clean,5.96329e-05,1.04086e-06
HUNBEX_clean,8.23741e-06,2.23855e-07
JEDKEJ_clean,1.25321e-05,1.09428e-07
WIHDUN_clean,0.00061114,0.000255203
IXURID_clean,0.000229655,4.80549e-06
MOCKEV_clean,3.08277e-05,4.716e-07
MOYYIJ_clean,8.45409e-05,1.54407e-06
IGORUS_clean,3.95531e-05,3.62139e-07
RAZXIA01_clean,1.71389e-05,6.28352e-07
MIFVEE_clean,0.000423651,0.000242616
LEYLUX_clean,7.03588e-05,4.34983e-06
EVOMOR01_clean,0.000785658,1.62861e-05
GAWKEW_clean,0.000102642,2.68807e-05
HAJMEL_clean,0.000125499,4.99223e-06
KAVJEX_clean,2.17332e-05,1.6144e-07
QUTDAM_clean,0.000112063,3.32879e-06
UNAZIT_clean,0.00137141,0.000183928
MAYPIM_clean,0.000349371,3.6421e-05
DUYVEA_clean,0.000170859,4.2742e-05
MIDCAF_clean,8.95468e-05,1.75302e-05
GOVWOF_clean,0.000503546,0.000164195
IXUHUE_clean,0.00313093,0.000243758
MOSBIG_clean,0.00104589,0.000284281
HANWAW_clean,8.56811e-05,8.45162e-07
QATHIE_clean,0.0216741,0.00636861
QAWDID_clean,0.00214628,0.00082733
PUWDOA_clean,0.000121329,1.42331e-05
MIJHOD_clean,0.212841,0.07379
KULLEK_clean,0.00983921,0.00708907
PULMIU_clean,7.28598e-05,6.60399e-07
HAKCAZ_clean,0.00120783,0.000110223
DUGGOD_clean,2.23321e-05,1.89337e-06
LONVIV_clean,0.000494252,0.000114533
MEFJUE_clean,6.0517e-05,2.10134e-06
HUFYIS_clean,3.30223e-05,1.20392e-06
WAHROP_clean,0.00249808,0.000704386
YUZCED_clean,0.000833917,1.93451e-05
WAWGOQ_clean,0.00418435,0.00111856
KOTSIX_clean,0.00383413,0.000862423
YOFGOR_clean,0.00463343,0.00180522
IYODAD_clean,2.18666e-05,1.64695e-07
OVUVIL_clean,0.000292499,9.74791e-06
DOHXUV_clean,4.6096e-05,2.83862e-06
YOTROQ_clean,8.19565e-05,3.52168e-06
NIZNAN_clean,0.0012046,0.000183328
ORANAY_clean,0.00156459,0.000400085
WEXSEZ_clean,7.62183e-05,1.55714e-06
HEFVAR_clean,0.000122007,6.14926e-06
HIFGEK_clean,0.000111898,1.59497e-06
GAWMAU_clean,0.000128841,3.25513e-05
VUMYUZ_clean,3.31848e-05,1.43028e-06
PITPEP_clean,0.000936907,5.81788e-05
UTEXIB_clean,0.000209818,3.39776e-06
USISEW_clean,0.000742228,2.84366e-05
MAJHUC_clean,0.00316061,0.000760778
HAPHUD_clean,4.14876e-05,8.73321e-07
XAVQIU_clean,0.019689,0.00680042
YEGDAR_clean,0.000117743,1.94853e-05
YODZIB_clean,3.74388e-05,6.70228e-07
QARCET_clean,0.000222249,2.76653e-06
WAZCUX_clean,0.0588009,0.0171659
GUKZAO_clean,0.00374393,0.00103106
GIFFEI_clean,0.0701875,0.101361
ZOMSOL_clean,0.0475479,0.0218872
QUBWIU_clean,0.00467869,0.00154125
MICDEJ_clean,0.0109082,0.00317855
MALSOK_clean,0.000148046,3.17642e-05
WUDVEY_clean,0.000190125,2.71558e-05
VUVZAP_clean,0.000145441,1.05587e-06
PAMHES_clean,0.302696,0.0505986
QUPDEL_clean,0.0805455,0.0337404
EDAVOV_clean,3.75396e-05,7.79809e-07
NIMXIS_clean,0.000325638,0.00013869
DICVIW_clean,0.0130075,0.00380428
RAVJOP_clean,0.00320339,0.000952782
UMUBOV_clean,4.8024e-05,1.55617e-06
WUSSEK_clean,5.69554e-05,1.5313e-06
PUMDIM_clean,0.00157891,0.000460097
ETICIV_clean,0.000244829,5.59366e-06
XIHXET_clean,0.13957,0.0507004
DIPLUL_clean,8.60459e-06,5.12084e-07
WOTSEF_clean,0.000821814,0.000134332
NALWOO_clean,0.00202072,0.00103891
WUPNIF_clean,0.000231541,1.54827e-05
JIZJUZ_clean,2.11222e-05,3.06548e-07
UZUZUL_clean,0.000422291,3.73896e-06
QATHOK_clean,3.82504e-05,1.47945e-06
HAFTOZ_clean,0.31218,0.270693
IQEKUM_clean,0.00992449,0.00298757
MOTMAK_clean,0.00102225,0.000102788
YEMJAC_clean,0.00054366,0.000157234
NEHMET_clean,0.000108558,1.95748e-06
OTIJAE_clean,8.74292e-06,1.40177e-07
FECXUI_clean,0.00052462,8.60224e-05
UZEKEQ_clean,0.000123207,3.70654e-06
WIZKOH_clean,0.000236019,5.11114e-06
MEKBAH_clean,0.010574,0.00361384
GADMAA01_clean,1.56421e-05,1.52148e-06
KIDVIE_clean,0.000611882,0.000263731
WEGKIE_clean,4.60226e-05,2.84752e-07
DIKPOD_clean,0.00150745,0.000591377
LEQCAN_clean,0.000262914,3.37115e-06
NEKBEL_clean,0.00012819,6.16982e-05
MEMGAN_clean,0.000225683,1.7099e-05
MATBEQ_clean,0.000848345,0.000207811
YOZKOP_clean,0.000107875,3.54113e-06
CUYRUK_clean,3.0796e-06,3.60013e-07
MUTDIQ_clean,0.000509556,0.000237876
YUMFUJ_clean,0.00490615,0.00155147
ERIWAF_clean,8.83506e-05,2.53041e-06
ZUDXAZ_clean,0.00051853,5.07739e-05
NAHFOU_clean,0.0002836,8.79197e-06
OKUTEV_clean,1.72613e-05,3.45962e-07
GUBKUL_clean,0.534966,0.383145
XAPSOY_clean,0.000419202,9.91278e-06
OTUDIS_clean,4.42661e-05,1.20332e-06
HOFJIX_clean,3.28778e-05,5.1424e-07
FASHAK_clean,0.00235702,0.000941387
YEKQOW_clean,9.98968e-05,4.16558e-06
YUZXAT_clean,0.000301059,3.04538e-06
XICYAL_clean,0.000181198,7.96749e-06
FIBHIJ_clean,0.000160204,1.14837e-05
OKIQEG_clean,0.00012515,2.0938e-06
VAHVOR_clean,0.00201234,0.000759591
EKUPEG_clean,9.99824e-06,8.24502e-08
LULJAE_clean,0.000487565,3.43795e-05
FASGAK_clean,0.000321316,8.80352e-06
OPOZEZ_clean,6.02106e-05,9.65929e-07
ONIXOZ_clean,0.000142117,1.43935e-06
EVUNOY_clean,9.55788e-05,1.00421e-05
JITQEI_clean,0.000174139,6.61278e-06
GIZVER_clean,0.0147121,0.00304437
ELILIV_clean,0.01267,0.00263591
QATDEU_clean,0.000769178,1.32027e-05
HOWPOA_clean,1.77102e-05,1.27628e-06
VALVAI_clean,0.000523804,2.23803e-05
XOLGEM_clean,2.17363e-05,7.90193e-07
NIMTAE_clean,0.000231696,3.78483e-06
JOCLOD_clean,0.00666524,0.000675667
PODVUB_clean,0.000779333,0.000194225
MAYJOM_clean,0.000110226,1.51138e-06
DALTAO_clean,0.0203751,0.0109409
QIRYAS_clean,0.000201823,2.82789e-05
XEPBAX_clean,5.02381e-05,2.96233e-07
ENIHUG01_clean,2.50004e-05,3.57891e-07
ZEZFIV_clean,1.65375e-05,3.50379e-07
XOFGEG_clean,0.000239814,0.000108682
LABGAY_clean,0.00456619,0.000180357
GAHWIX_clean,0.000346497,8.35144e-05
DUQYEU_clean,0.00680241,0.00275163
WITJUG_clean,0.000381807,0.000143743
MIHHUG_clean,0.00097266,1.40314e-05
DUXKEN_clean,0.404672,0.157097
UZIGOB_clean,0.000410733,1.75523e-05
KUHVOZ_clean,0.003438,0.000309866
IJEVIE_clean,0.00640772,0.00146867
REJLAU_clean,1.21462e-05,5.20675e-07
ISACIP_clean,0.00086403,1.95558e-05
MIZPUI_clean,0.000422694,5.56873e-06
HORCUN_clean,0.127206,0.0556187
IBIRES_clean,0.000197131,9.44302e-06
UQUHAQ_clean,0.0601432,0.0313403
OQEPUW_clean,0.00167633,0.000442522
KUNMUD_clean,0.000374029,6.15901e-06
LOJNAA_clean,0.00341745,0.000852048
EFAYIU_clean,1.95397e-05,1.39465e-06
GUVZII_clean,0.000182652,2.57617e-05
QETCUO_clean,0.000414993,0.000152424
UVOTOQ_clean,0.000739508,0.000325343
MABLAD_clean,0.000634772,1.29905e-05
HEZSEK_clean,0.0590201,0.0340822
DUMFEY_clean,0.000366568,2.30419e-05
UWUTIQ_clean,0.000261297,1.03377e-05
MAFJIO_clean,4.15043e-05,9.13095e-07
XACHOA_clean,0.000537506,1.69854e-05
MUVROM_clean,0.0114654,0.00346453
UTEMAJ_clean,0.00163955,0.000375765
KOLWEO_clean,0.000649861,9.93831e-06
DOGZIJ_clean,0.000184052,3.85578e-06
ICAROV_clean,1.64046e-05,1.79651e-07
OXUPUT_clean,1.13324e-05,3.17679e-07
QOWRAV05_clean,8.49671e-05,2.40885e-06
GUNZIA_clean,0.000425911,6.98866e-06
HAHPOW_clean,6.83901e-05,8.3774e-06
YAJXUF_clean,0.000113152,4.54467e-06
LEWVAL_clean,0.000206312,4.94129e-06
REGMUN_clean,0.000392002,2.63576e-05
PAPXUB_clean,0.000806173,1.76719e-05
NAHNES_clean,2.25053e-05,3.62604e-07
FENROG_clean,0.0236057,0.00329009
GOXMEN_clean,0.000391255,1.08111e-05
VEXVAW_clean,4.45956e-05,8.57538e-07
UXUPIN_clean,6.82881e-05,1.79519e-06
LADHIJ_clean,8.44576e-05,4.49244e-06
GIHPEU_clean,0.000271788,1.27021e-05
IJEYON_clean,9.50935e-05,2.54455e-06
HAYLIE_clean,0.000314503,3.42642e-05
PELRIJ_clean,3.05631e-05,5.85073e-07
ZUSBOG_clean,0.000434587,2.39942e-05
XUZFUU_clean,0.000418383,1.11369e-05
WOLYON_clean,0.000660598,0.000224711
GIMHAM_clean,0.000259742,1.16623e-05
QAGDIO_clean,3.8612e-05,6.21332e-07
LIRFIB_clean,3.43133e-06,3.26267e-08
DIBJIJ_clean,4.08455,8.39685
OTOROF_clean,0.00112909,9.93875e-05
VEHYUE_clean,9.39384e-05,4.03234e-06
YOGVEX_clean,0.000164361,6.54287e-06
FATKIV_clean,0.000175415,9.56036e-06
JIVFUQ_clean,8.47464e-05,2.17504e-06
JALPAQ_clean,8.69761e-06,6.95905e-07
PEZCII_clean,0.000458498,0.000203352
PEGCEL_clean,0.000124397,2.99754e-06
QOPZIF_clean,0.00427378,0.00156427
FELWUQ_clean,9.07657e-05,6.32022e-06
FIWKUT_clean,0.000224151,4.5941e-05
PIZSAU_clean,0.00020086,2.95758e-06
XORHET_clean,0.00279011,0.000450584
GIYTIS_SL,7.82394e-05,2.0382e-06
ETEMIB_clean,0.00322144,0.00050851
LIRNOR_clean,0.000125429,4.60943e-06
JADBIC_clean,0.0406623,0.0171426
IBIYUO_clean,0.000130991,2.57675e-06
QAQSAD_clean,0.000669494,5.79942e-05
FIMXUW_clean,0.0146324,0.00761338
LEWZET_clean,0.000164705,3.72217e-06
HASTAY_clean,0.00327806,0.000535692
WURNOO_clean,3.67657e-05,2.79341e-07
XUJSAY_clean,0.845419,0.16206
YOYBUL_clean,0.000182746,7.76446e-06
EJORAY_clean,0.000279635,5.46043e-06
VUCDEE_clean,0.000237635,1.17359e-05
QAFWOM_clean,1.75177e-05,2.92447e-07
LOWQIX_clean,0.000107991,1.20603e-05
FITHIA_clean,0.000167398,4.66057e-06
ORAGOF_clean,5.54013e-05,4.67362e-05
MOXBOS_clean,1.52796e-05,4.10402e-07
YARBUQ_clean,0.0148028,0.00633345
VALZIU_clean,0.00132656,9.61314e-05
ZIDDIB_clean,0.00125845,7.15463e-05
GERPUP_clean,6.74876e-06,1.97598e-07
FIJXUR_clean,2.63835e-05,3.87455e-06
FORTIR_clean,9.50881e-05,5.42649e-06
REHVEH_clean,0.000429596,5.09674e-06
HEDBUP_clean,0.70973,0.310823
GEGDED_clean,0.000194151,7.35404e-06
VIFBUJ_clean,1.14894,1.90117
EMAGAB_clean,7.34926e-05,1.11969e-06
MAVNUU_manual,0.00515834,0.00248162
GOWHOR_clean,0.0321184,0.00229662
HUYFAJ_clean,5.09459e-05,1.13167e-06
ITIPAE_clean,3.97111e-05,9.23521e-07
LACNUB_clean,0.000145393,1.8823e-06
IQECIS_clean,2.28568e-05,2.47862e-07
ISENUQ_clean,0.0138534,0.00323534
HAVVUX_clean,2.36533e-05,6.09043e-07
YIGHIG_clean,0.000292211,3.29091e-05
WOZGUP_clean,7.69284e-05,9.56615e-07
ODOXEK_clean,0.000364721,1.16699e-05
WAFKIY_clean,0.000196872,3.33825e-06
GOBGAG_clean,2.39404e-05,5.16815e-07
MOLRIP_clean,0.0364936,0.0242079
QIFLEY_clean,0.0360418,0.0146603
QUDGED_clean,7.04155e-05,9.84045e-07
FULQUZ_clean,0.00063417,0.000151156
GUWDUY_clean,0.00010756,8.31748e-07
EMUVAL_clean,0.00023923,5.50897e-06
QIYCOS_clean,0.000341814,5.50689e-06
FEBPUY_clean,0.00014609,2.6977e-06
WOYWOY_clean,0.0188451,0.00246448
WOPWOO_clean,3.09127e-05,3.10396e-06
PUWYAI_clean,0.00365158,0.000844476
XIBZUF_clean,0.0203247,0.0112418
DEMLAJ_clean,5.73244e-05,5.04914e-06
ZIDVAL_clean,0.00596531,0.00141676
ILECIN_clean,2.70922e-05,1.57914e-06
WOPROK_clean,0.000227756,8.72346e-05
ZILFOR_manual,4.06405e-05,1.22754e-06
GAMXAV_clean,0.000166454,2.84346e-05
VIYMAT_clean,0.00498056,0.00455031
MUDKOM_clean,0.00169603,0.000283167
GAKBAX_clean,0.0146558,0.00473356
HARNAR_clean,0.000378222,3.33714e-05
ZIJSAO_clean,2.70476e-05,4.5523e-07
NEXVUI_clean,0.00120454,0.000250194
QURSEC_clean,8.77365e-05,1.13539e-06
YILKAH_clean,9.6492e-05,2.83178e-06
XEKMIL_clean,0.0325985,0.0135797
FOLLEZ_clean,0.0147067,0.00341538
KOSMAI_clean,0.000242533,3.14828e-05
IPOWOA_clean,5.81839e-05,6.34425e-06
LENKIA_clean,4.64791e-05,1.94576e-06
PEWGEF_clean,6.42213e-05,5.00263e-06
FEDBEX_clean,7.47306e-05,9.94592e-06
VAHJIA_clean,0.000686893,2.4436e-05
PUKVAU_clean,0.000225541,2.69656e-05
IZEBEV_clean,0.00535271,0.00101569
OPOCUS_clean,0.000329693,3.07307e-05
MOWQIZ_clean,0.0502798,0.035917
KACKIL_clean,0.000441855,0.00022357
ETAXIH_clean,0.0195379,0.00247673
JITPOS_SL,0.000118032,2.80878e-05
USAHAZ_clean,4.43181e-05,9.34838e-07
PEVZAT_clean,0.000148903,2.49301e-05
PUZLAZ_clean,7.71047e-05,8.39377e-07
IQIPAZ_clean,0.017419,0.00731844
IPIJUM_clean,0.00761302,0.00274555
WIVVII_clean,0.000289901,4.22887e-06
IZIHOQ_clean,0.0149556,0.0104321
HOWROC_clean,0.685496,0.242526
WEDQED_clean,0.000323668,4.86707e-06
JODGEP_clean,0.0215789,0.00790358
KUNSUJ_clean,6.24178e-05,2.26243e-06
GADRAH_clean,0.00060947,9.57627e-05
ECAFOG_clean,2.06142e-05,3.84125e-07
FECXAO_clean,0.00174256,0.000431755
IGUCIY_clean,8.01833e-05,2.07386e-06
PIMJUS_clean,0.000171413,2.40967e-06
EQERIC_clean,0.000432765,8.65674e-06
OMITUB_clean,3.2008e-05,1.24478e-06
DUQCAU01_clean,0.157828,0.050137
RAYMOV_clean,2.86811e-05,3.72833e-06
VAPBIZ_clean,0.000957315,4.6287e-05
DIBQUC_clean,0.000116619,1.57367e-05
FEYQUW_clean,0.0140851,0.00627386
ZEDLOL_clean,0.000230536,1.8546e-06
MUDLON_clean,0.000323115,8.68149e-05
FINQUQ_clean,3.60918e-05,2.98353e-06
HAVZIP_clean,3.05524e-05,6.25507e-06
GOBXAY_clean,0.132711,0.0323379
LEGGOU_clean,0.00136702,0.000432221
LEQQII_clean,3.83973e-05,7.50714e-07
EFOGOX_clean,8.0987e-05,1.17892e-06
GIRYAJ_clean,0.000112414,5.95776e-05
FUWXOL_SL,0.000694532,1.37192e-05
YOQLAT_clean,0.0388292,0.010043
NIVZOJ_clean,1.19381e-05,2.67917e-07
NUNCEG_clean,0.000194251,9.88172e-06
VUKTUS_clean,0.00454981,0.00145497
WOBHOM_clean,8.87794e-05,2.48827e-06
MALFUD_clean,3.68234e-05,6.95816e-07
HAKCIG_clean,0.000125671,3.52778e-06
QOKKAE_clean,0.00141847,0.00041555
OGECOU_clean,0.00039233,3.65308e-05
HABZEQ_clean,0.00266345,0.000493331
NUHZAS_clean,0.000272427,1.08898e-05
VEHPUU_clean,1.46987e-05,1.30641e-07
OBAJAF_clean,8.85339e-05,2.02047e-06
MONWET_clean,0.000189376,9.11736e-06
FIPXEJ_clean,0.000411962,3.64392e-05
GALJAG_clean,9.21901e-05,2.90053e-06
HOXKUB_clean,0.000324264,4.68766e-05
XEZRIF_clean,0.00421057,0.0015278
DUQSEO_clean,0.000885844,0.000295511
MUNLUE_clean,4.84328e-05,4.84754e-07
ZOXVEP_clean,0.131506,0.0410929
IKOVEL_clean,0.0238578,0.0155011
FODCEI_clean,2.49468e-05,1.87887e-06
ZOXFEZ_clean,0.000238072,4.54491e-06
KUGZIW_clean,7.04108e-05,3.26427e-06
KUKMUA_clean,4.74318e-05,1.62887e-06
KEXPOU_clean,0.000615413,4.28767e-05
PIJJEZ_clean,0.00032263,3.89929e-06
XOMCUZ_clean,9.00311e-05,2.75976e-06
DOTWAL_clean,0.000443959,4.715e-05
ZALREM_clean,0.000156996,2.85797e-06
MOTVOI_clean,0.00302223,0.0007789
XESLAK_clean,0.000173847,2.11192e-05
XEBHOC_clean,1.65425e-05,5.93465e-08
HELDEJ_SL,0.000251134,2.57965e-06
YUZPOA_clean,3.76903e-05,3.3422e-06
VICLAW_clean,0.000550831,6.24101e-05
WITKIV_clean,3.74663e-05,1.29484e-06
YOCDUR_clean,0.000150482,4.10176e-05
RAWZIA_clean,0.000495314,1.31105e-05
EXUHEM_clean,0.000199455,7.21843e-06
PARHEW_clean,0.000377218,5.25612e-05
FUTKEL_manual,8.00876e-05,1.85509e-06
WAYKAK_clean,0.00541087,0.00340003
HUFKUQ_clean,4.35686e-05,7.13273e-06
VUKSOL_clean,4.01583e-05,7.8119e-07
OQOJUB_clean,0.000159171,3.43854e-06
HUDWUA_clean,0.000357922,4.69169e-05
OBUBOC_manual,1.07804e-05,5.15735e-07
KOLYUH_clean,0.000555312,2.72598e-05
FERWAC_clean,0.00036299,9.67379e-06
WONBAD_clean,0.00478799,0.000834539
XOMDOU_clean,0.000524394,1.65994e-05
MOMJIJ_clean,0.00117072,0.000154296
LECGEH_clean,0.000752023,0.000182784
KOJZUF_clean,0.000229157,2.59009e-06
YARYUL_clean,1.77823e-05,1.33636e-06
JOYKUF_clean,0.000641623,0.000172402
OLOGEC_clean,0.000292741,4.07809e-05
QUTTII01_clean,0.00312974,0.000915008
ELOGUJ_clean,5.76476e-05,2.5473e-06
YINTEW_clean,0.000165883,3.40709e-06
NOQKUB_clean,0.000312611,9.82026e-06
EDAPIK_clean_h,0.000144263,1.61176e-05
JUWBIO_clean,0.000588244,2.66044e-05
KIKDUF_clean,0.00328927,0.00191526
HICVUM_clean,0.00125048,0.000222482
GIVNOQ_clean,4.9542e-05,5.67095e-07
DOTYES_clean,4.12736e-05,1.11126e-05
JIQVAH_clean,0.00502862,0.00268319
IJEXUS_clean,6.30815e-05,3.77428e-06
GEFZAU_clean,7.74633e-05,2.23811e-06
UNADIX_clean,7.47883e-05,1.54055e-06
HIJSOK_clean,0.00251838,0.000434556
EJULUS_clean,0.000869843,9.16025e-05
QUBZIX_clean,0.000107202,1.78633e-06
OYERUH_clean,0.000423723,3.1554e-05
PECLEP_clean,0.00038092,1.96122e-05
GABYUG_clean,0.000139288,3.44787e-06
XUFXED_clean,3.91037e-05,3.50815e-06
YODRAM_clean,0.000144334,9.12119e-06
YUKVUW_clean,3.33011e-06,2.38354e-07
XIDMED_clean,0.000233012,5.05313e-05
VUTVAJ_clean,0.00381498,0.000782888
MATFIY_clean,3.80674e-05,2.08253e-06
EKIGOW_clean,0.000543065,9.53593e-06
UVEVUN_clean,4.95927e-05,7.86003e-07
MUTZUX_clean,0.002549,0.000693644
OJAKUG_clean,0.00258061,0.00105204
POCPAZ_clean,0.000357881,9.36195e-05
ZOHFUZ_clean,0.000189413,3.30113e-05
XAGPUT_clean,3.96106e-05,5.26586e-07
HUWPIA_clean,0.000471346,9.36296e-06
EMAPAK_clean,2.36033e-05,4.05769e-07
OSUWEF_clean,0.00118416,5.21682e-05
OXOZUY_clean,0.00787482,0.0017443
WAYMOA_manual,0.000175284,2.46227e-06
EYULOA_clean,0.000442642,8.12098e-06
LEJRIC_clean,0.000176662,1.45136e-05
IJISEZ_clean,1.11491,0.305264
PEKDEQ_clean,0.00105556,0.000267449
GARPAR_clean,0.000444776,8.26452e-06
XOPLUL_clean,0.000107221,1.63102e-06
VIWRAW_clean,1.78839e-05,4.85593e-06
LIHKAQ_clean,0.0215959,0.0002647
UWALEL_clean,8.24013e-05,2.46381e-06
EMOHIZ_clean,0.000126032,5.75072e-06
DIMQOH_clean,9.22848e-05,3.22214e-06
FUTDII_clean,0.000110317,1.12874e-05
XUGSEY_clean,0.000332005,7.33874e-05
YIWBIR_clean,0.000466244,4.52372e-06
YIYHAQ_clean,0.0379642,0.00733685
OGIKAR_clean,9.76301e-05,3.60971e-06
QUNWAZ_clean,0.000421263,4.05571e-05
KOFVOS_clean,0.000158312,2.25569e-05
IDEYOF_clean,2.11386e-05,3.00754e-07
DUWBEE_clean,0.00107489,0.000191994
HAWWUZ_clean,0.00386032,0.00184344
KATDAM_clean,1.05371e-05,2.03302e-07
JIZWOG_clean,0.000259369,1.11265e-05
GADFAV_clean,0.240034,0.117607
GUFBUG_clean,0.00465618,0.00169976
KEVVIS_clean,0.000528429,0.000102008
MUHPAI_clean,0.000281014,7.68124e-06
DUGBAJ_clean,0.00045995,8.36479e-05
JEMNAR_clean,0.000214418,3.62178e-06
VUWSAJ_clean,0.354218,0.131705
ELUJEC_clean,0.00111926,0.000115521
FEVDIV_clean,0.000245129,2.49686e-05
GUSMAJ_clean,0.000196148,6.38077e-06
KEWBUL_clean,0.00350192,0.000652211
FUYKER_clean,0.00206882,0.000562983
URENEM_clean,3.96547e-05,1.80299e-06
XEKDOI_clean,5.36419e-05,1.3589e-06
LABQAI_clean,0.0500407,0.0233761
RARYUF_clean,0.00273807,0.000605117
WIKYAQ_clean,0.000130486,5.19891e-06
WEMYEU_clean,0.000460086,2.02747e-05
KUTDAG_clean,0.00252837,0.00104625
DUBBEI_clean,4.82688e-05,6.56997e-07
UVOBUE_clean,1.11685,0.409823
KUFTAI_clean,0.0163241,0.00447729
LIKGUJ_clean,0.00023089,4.27178e-06
YILJAG_clean,6.70445e-05,4.34134e-06
FASQUN_clean,0.00292883,0.000435515
ZEKRIS_clean,0.000702663,5.04834e-05
VOBKAA_clean,0.00104049,0.000106961
NIPNOQ_clean,0.000261764,6.34764e-06
KOPXOE_clean,2.22962e-05,1.85973e-06
WEBREC_clean,0.000422681,1.00846e-05
XIDSUZ_clean,3.45192e-05,3.80197e-07
NEPWIQ_clean,0.161525,0.0637656
JUSBAC_clean,0.0171783,0.00216176
OBIBOT_clean,0.00998613,0.00140028
ESANET_clean,3.15994e-05,1.06684e-06
NUVBIQ_clean,0.540109,0.308144
DUGZAI_clean,0.00166173,0.000146661
MUZKEZ_clean,4.74144e-05,1.04939e-06
NEYVEU_clean,2.42714e-05,3.13768e-07
ECOROD_clean,0.00257183,0.000959238
IJAPOA_clean,0.000220432,3.47137e-06
POLDUQ_clean,5.32123e-05,9.32284e-07
HUCSEF_clean,0.000344999,8.19993e-06
XAJSEJ_clean,4.76593e-05,4.6983e-07
YAQKEI_clean,0.0227296,0.00299722
YINDOQ_clean,0.0204634,0.00375625
HIDDAB_clean,0.000757521,2.31736e-05
ICISAP_clean,0.0260197,0.00848899
QUSHUJ_clean,0.000139493,2.53916e-06
ZOZPUB_clean,7.51948e-05,1.4895e-05
NARTUX_clean,0.00890669,0.00362145
UNACIW_clean,0.000210609,1.21666e-05
FEYJOJ_clean,0.00161967,0.000573495
LUQGAG_clean,0.000169269,3.02206e-06
YUYBIF_clean,0.000154008,2.42972e-06
EGEJUW_clean,0.000447177,5.0763e-05
HAKWAU_clean,0.000320015,1.75381e-05
XEKCAT01_clean,0.00324595,0.000800201
DAWCAH_clean,0.000250575,3.33497e-06
XIBMOK_clean,0.000407564,1.94329e-05
PATWOY_clean,0.000357999,4.5458e-05
GURPUF_clean,4.27004e-06,8.26808e-08
XUZDUS_clean,2.03288e-05,2.6891e-06
DUZWOM_clean,3.45172e-05,9.10704e-07
KAXZUG_clean,0.000128263,1.36224e-05
EPISOM_clean,9.48294e-05,2.40556e-06
LAGVEX_clean,0.00373429,0.0013494
LUKLIN_clean,2.5088e-05,2.92358e-07
MIZKOW_clean,0.000696062,0.000159609
FIVYUF_clean,0.000336198,2.11812e-05
XOPLOE_clean,8.67329e-05,2.73696e-06
ETUWOG_clean,0.00117538,0.000159921
HANKUE_clean,0.000178538,1.57328e-05
QINSUD01_clean,4.44667e-05,1.28977e-06
IVETOT_clean,3.34137e-05,4.38528e-07
LALPOF_clean,0.0445654,0.0157442
JOCWIJ_clean,2.28479e-05,7.36705e-07
LOMFIC_clean,0.0419092,0.00663747
XASPEP_clean,0.000163011,7.41575e-06
VECWUX_clean,0.000181496,9.05497e-06
IZISEQ_clean,0.00603797,0.00232772
GEDTAM_clean,0.023401,0.0123986
UYOFIY_clean,0.0137987,0.00345309
MOVKOZ_clean,1.15575,1.55293
XULDOZ_clean,0.485124,0.354085
ILITUT_manual,3.94005e-05,4.02739e-06
EHUTAE_clean,0.000698965,1.23423e-05
YOVXEO_clean,0.00232608,0.000619782
PAZXUJ_clean,9.77653e-05,2.2432e-05
MIMSUY_clean,0.000804077,0.000201866
XOTZIR_clean,0.000327859,8.75362e-06
DOGMET_clean,0.000111301,3.06088e-06
QISKIN_clean,0.00065211,2.43292e-05
HOZBUV_clean,0.00055486,0.000132843
ETEPID_clean,0.00140457,7.41641e-05
LUSJOZ_clean,0.000128685,1.85277e-06
QONLIQ_clean,5.18253e-05,1.07103e-06
FUSGOR_clean,0.00106676,8.52142e-05
IXUQOJ_clean,0.0107323,0.00173271
XADDUD_clean,0.000223355,2.26309e-05
PENNON_clean,9.96047e-05,2.41678e-05
RAHMAP_clean,0.000301218,3.00623e-05
FUMHEC_clean,5.09357e-05,2.40287e-06
FAZZEM_clean,0.00104738,0.000199174
YUKKAR_clean,0.000117919,1.48071e-06
IGETUL_clean,0.0304139,0.0218568
ZEDHIB_clean,0.0030865,0.000268973
VEMDAT_clean,0.000752055,0.00043022
QUJKOX_clean,0.000212584,1.28561e-05
EXUHUC_clean,0.00868221,0.00274899
HIZTUG_clean,0.000672312,2.19237e-05
OPADOA_clean,0.0145416,0.00313801
ZEZQIG_clean,0.00188914,0.000925847
DUNJON_clean,0.00376414,0.00201313
NETFEY_clean,0.0133055,0.00165172
PIBGAK_clean,0.000854245,0.000166123
ESEDIQ_clean,0.000123187,1.69268e-06
GOYYIE_clean,0.000653786,8.21877e-05
XEHSUZ_clean,0.00011421,5.56989e-06
WOZWEP_clean,8.89185e-05,4.78107e-06
QOTZEG_clean,0.00139262,0.000133692
LELMIA_clean,0.00161041,0.000117631
REDYEG_clean,4.69125e-05,1.06603e-06
JUPBUT_clean,0.0036771,0.00210229
KETHEY01_clean,0.0086649,0.00143361
KOJTOU_clean,0.00130247,0.000549113
OPUDAF_clean,0.0314867,0.0122522
YORLEY_clean,9.18107e-05,3.32992e-06
YAWKOX_clean,1.48893,0.608373
NOHHID_clean,0.000113561,2.6503e-05
DUXKUD_clean,2.93688e-05,5.54821e-07
PIVBEC_clean,9.3386e-05,3.36173e-06
VIYVIK_clean,0.000456634,6.90258e-06
ECUTON_clean,1.92874e-05,2.5958e-06
YODWUL_clean,7.83348e-05,3.34857e-05
LIWYEX_clean,3.71164e-05,1.87367e-06
DUFKAS_clean,0.0129427,0.00642719
DUWTAS_clean,0.000520404,0.000114709
QULMOA_clean,0.000101133,2.84802e-06
LOFVIN_clean,0.0234037,0.00395226
XALXUF_clean,6.01334e-05,2.53751e-06
HOFMAS_clean,2.26238e-05,1.85214e-06
GEGBOL_clean,0.00154592,7.451e-05
NEXXIZ_clean,0.000139199,4.12921e-06
NAVLIG_clean,0.000606023,2.32616e-05
WOSHET_clean,0.000251582,2.30184e-05
LAVTUZ_clean,0.000109176,1.85053e-06
PARKUQ01_clean,4.50216e-05,4.99418e-07
YUMYUC_clean,7.69816e-05,5.60435e-06
FEQSIF_clean,0.000937675,0.000403849
EQUNIP_clean,0.000169425,1.69241e-05
NETYIV_clean,4.3045e-05,1.26589e-06
DICKEH_clean,3.80706e-05,9.8096e-07
IZEBAR_clean,0.00487444,0.000724481
DEYJOI_clean,0.0645714,0.00686031
MEFYUT_clean,0.000782352,0.000120703
XUGROI_clean,7.31844e-05,4.48855e-07
ERIJUM_clean,4.19729e-05,2.32118e-06
WOWBIV_clean,0.00109125,0.000200806
MIBMER_clean,4.53953e-05,4.62838e-06
NASQIJ_clean,0.000116875,4.21638e-06
VETVAS_manual,0.199658,0.0412478
JAVNIE_clean,6.72121e-05,2.19729e-06
OFERUN_clean,1.76273e-05,1.12798e-07
IRAJER_clean,0.00387925,0.000193678
PAPVIN_clean,0.00939673,0.00257747
EZUCOS_SL,0.000151218,1.45111e-06
VEYREY_clean,0.000173946,3.03463e-05
HOVGEG_clean,0.000344433,2.20493e-05
LIFQIC_clean,8.23499e-05,5.01287e-06
HADQUA_clean,0.00107542,3.72912e-05
YARGOP_clean,9.37624e-05,1.92106e-06
QITDII_clean,0.0600054,0.0492436
NABNUA_clean,0.010927,0.00333955
PUJJEL_clean,9.63308e-05,2.20209e-05
ECOKAJ_clean,1.10494e-05,6.13516e-07
WAKSOT_clean,0.0348764,0.0061575
VUHGAH_clean,0.00555188,0.000618984
HOBGOV_clean,0.00038325,8.54542e-06
QUGZEZ_clean,5.90038e-06,1.5867e-07
INAMUG_clean,0.000717622,0.000334275
MAKXAZ_clean,0.000397458,4.40078e-06
HUCBEN_manual,0.000469069,1.95937e-05
HUYKUH_clean,6.9411e-06,2.60912e-07
FAQYUR_clean,0.00332338,0.0012713
JUCGUL_clean,0.000175287,2.83961e-06
QUSSOO_clean,0.00115462,0.000149239
FUYYAA_clean,0.307236,0.302535
QOMTET_clean,0.0295587,0.0070301
NOMQAJ01_clean,0.00084172,1.72937e-05
OTODOS_clean,0.000169574,5.10003e-06
XIZJEW_clean,0.000351659,9.71217e-06
GAMSOD_clean,0.000222368,6.52241e-06
WUWQEL_clean,1.17803e-05,2.64151e-07
ZIVCOY_clean,2.41906e-05,7.59711e-07
DONXUB_clean,0.0123614,0.00506027
YUXLIN_clean,6.15795e-05,2.85605e-06
HOFSUS_clean,0.00476034,0.00125716
XAFFUH_clean,1.56141e-05,2.72219e-07
XOXMED_clean,0.000349733,4.46244e-05
ZEFVOX_clean,0.00138396,0.000696432
EZIVAM_clean,0.000641893,4.36616e-05
YIXZEM_clean,3.0975e-05,1.65497e-07
WUQRAC_clean_h,7.64126e-06,9.09939e-08
MOVFOU_clean,0.00746852,0.000923366
NUYQUU_clean,0.00318323,0.000377573
FAVKET_clean,0.00067042,4.68215e-05
DEQVIF_clean,0.000107968,1.89825e-06
XUWVUG_clean_h,3.61353e-06,1.88306e-07
HIYMEJ_clean,0.00543858,0.000274532
DURDIF_clean,7.0939e-05,4.91718e-06
FUWQIZ_clean,0.000158744,2.99927e-06
EQOXIT_clean,0.000458136,9.07778e-05
DAGDUL_clean,0.00583618,0.0010816
WECJIZ_clean,0.000206671,6.54597e-06
FAHQIQ_clean,0.000233794,4.947e-06
XOFFUT_clean,0.00537004,0.000973729
GUFXEM_clean,0.0019104,0.00064242
FIFMUD_clean,8.81204e-05,1.79737e-06
ZIGFIG_clean,0.00057691,0.00013021
NANMEW_clean,0.00121938,0.000267238
JUVROJ_clean,0.000160348,3.23028e-06
LEDHIN_clean,0.00785257,0.00214833
XENKIM_clean,0.000333533,2.79277e-05
HIHFOV_clean,0.000849377,9.15213e-06
IYAZAL_clean,0.341368,0.198986
VUDQOB_clean,0.000440943,4.67368e-05
FATLUJ_clean,6.57735e-05,1.08919e-06
NATXUC_clean,0.000260337,1.85709e-05
YUPSIM_clean,1.22228e-05,2.35718e-07
NERVOV_clean,0.000312283,5.45527e-06
NISCOJ_clean,0.000322535,6.64861e-06
GESFAN_clean,0.00028073,9.95484e-05
VUQKUO_clean,9.43823e-05,3.6027e-06
WIHWAN_clean,8.78554e-05,8.41326e-06
YAPYUK_clean,0.00530643,0.000908798
QIWQES_clean,7.28266e-05,5.71055e-06
ZEXSOM_clean,0.00325894,0.000361783
FOXNIQ_clean,0.000382142,3.65857e-05
OWUWUA_clean,0.000989238,0.000133801
KANMIX_clean,8.52405e-05,3.86699e-06
DUDZOT_clean,0.00289719,0.00113426
PEQTIQ_clean,0.00294606,0.00038437
VOSVEG_clean,0.00072964,4.96561e-05
YEKXET_clean,4.34325e-05,4.38508e-07
LODTEF_clean,0.000142963,1.92995e-05
PEKZIP_clean,0.000205306,6.50677e-06
GADNUX_clean,6.57758e-05,8.64894e-07
IFASOZ_clean,5.87699e-05,1.0953e-05
EQUBUO_clean,0.00113476,0.000167889
PUGJEI_clean,0.150603,0.0446021
PEVXAQ_clean,0.000582808,0.000116747
MUVLUM_clean,4.86817e-05,1.7195e-06
QOVSUR_clean,0.000513612,7.37663e-06
PORLAL_clean,0.00660005,0.00203786
QIQZIB_clean,9.36015e-05,1.27464e-05
WAVROC_clean,0.000102882,1.99472e-05
NIVNUC_clean,3.8209e-05,1.44934e-06
FIVYEP_clean,1.00134e-05,2.28108e-07
PEKWAF_clean,0.190118,0.0751804
FIFPAM_clean,0.00265004,0.000502778
FORQIN_clean,0.00296657,0.00119754
NEDLOZ_clean,0.00627009,0.000124248
DEFRIR_clean,0.00530685,0.00130662
HOHJAR_clean,0.00027273,5.55144e-06
OSOTIB_clean,8.86964e-05,1.39704e-06
YULNOK_clean,0.000225833,9.60305e-06
FOKWIN_clean,0.000159632,7.60569e-06
PUVJOG_clean,2.64581e-05,1.75707e-07
LADKEJ_clean,7.76473e-05,1.0175e-06
PETXAP_clean,2.78745e-05,4.07335e-07
MOHSEJ_clean,0.000411846,0.000121941
UQOWUU_clean,0.000146756,5.38961e-06
MAVFEV_clean,0.0157044,0.00497645
XOTXAG_clean,0.016757,0.00639364
LUMZAW_clean,6.83845e-05,9.65598e-07
OXITOF_clean,0.00817245,0.00290929
EDOMAM_clean,7.34e-05,1.09057e-06
IBOZIK_clean,0.000256709,2.07437e-05
XANLEE_clean,0.000363885,4.07033e-05
FOVPEN_clean,0.000137828,1.23492e-05
EGABAR_clean,0.000120451,3.10313e-06
LUYBOY_clean,0.000366071,8.37674e-05
MAZYER_clean,6.77543e-05,2.1501e-06
NANPUN_clean,6.7331e-05,1.58365e-05
NADZID_clean,0.00168603,7.94293e-05
GETXEK_clean,0.000246162,4.057e-05
KOBFIR_clean,7.95035e-05,8.04425e-07
POBNEA_clean,7.98269e-06,2.39462e-07
GAQYIH_clean,0.000148352,1.15447e-05
KILJEV_clean,7.40525e-05,8.29646e-06
HUKRIO_clean,0.000466938,5.0661e-05
HAFVOB_clean,0.00179116,0.000262429
XIRHUC_clean,0.000621655,3.87774e-05
DIBXOD_clean,0.0253822,0.0172458
XOVYUD_clean,0.00101507,0.000286763
IDUDIW_clean,0.000196497,3.52014e-06
WOYJOL_clean,0.000113972,1.90702e-06
KABXOC_clean,0.0159643,0.00647132
XADDAJ01_clean,0.169918,0.16414
EMUBOF_clean,0.000142654,8.41016e-06
ZELQAK_clean,0.0010232,0.000104803
FABGOG_clean,5.60113e-05,2.42856e-06
NUNPAP_clean,5.31202e-05,7.39793e-06
IYUCEM_clean,0.0597002,0.0355638
PICTIG_clean,6.29654e-05,2.39788e-06
MIHBAG_clean,6.74114e-05,7.28449e-07
NUDLAA_clean,0.00101337,0.000261053
YEDLAV_clean,0.000663476,0.000235381
DIVNAY_clean,2.25216e-05,9.39959e-07
XUDYEC_clean,0.000985617,8.22499e-05
MALRUM_clean,5.8009e-05,3.44205e-07
OLICIX_clean,0.00014437,5.01664e-05
HOMRIL_clean,6.96007e-05,1.73679e-06
ECASAD_clean,5.26793e-05,1.91435e-06
MOXKAN_clean,0.000157452,8.18805e-06
REFJET_clean,8.99333e-05,4.00864e-06
KOKSIO_clean,0.00222476,0.00028039
YUCZOM_clean,0.00582918,0.00144892
EMIYEF_clean,0.00386037,0.000781331
OWIJOV_clean,0.000234683,4.93193e-06
OVIZUP_clean,0.000191536,6.87284e-06
QEJYIP_clean,0.00035869,4.67415e-06
FUVBOP_clean,4.3108e-05,2.18444e-07
INOMOP_clean,0.0035017,0.000338955
OMIPAD_clean,0.00091899,2.13857e-05
XEDGIY_clean,0.000730044,0.000200719
OQANIE_clean,0.000493671,7.81232e-06
DOLPIF_clean,0.00074334,1.73177e-05
YOCCIE_clean,0.00519424,0.000190614
FOKYEL_clean,0.0152097,0.00218787
VUKSAX_clean,2.23017e-05,2.01958e-07
DIQVUW_clean,0.00207532,0.000190075
DUBWON_clean,0.00152844,9.22332e-05
OYOSAX_clean,0.0167385,0.00651222
FASVIH_clean,4.20813e-05,2.55939e-06
MULQOA_clean,0.00174564,0.000614231
OFUSEP_clean,0.00204245,0.000159313
EQETAX_clean,0.000291754,6.2192e-06
QOXNIB_clean,0.00223862,0.000306251
FUMJAA_clean,0.000188111,2.63635e-05
RAZYOI_clean,0.000116433,1.43957e-06
YANBAR02_clean,2.93207e-05,8.15229e-07
WIJDAV_clean,6.54532e-05,1.05364e-06
DEPXOM_clean,0.00261669,0.000797289
YOKKIU_clean,0.000489543,2.89517e-05
KULRIT_clean,0.000528052,2.61287e-05
YIPDOR_clean,2.53162e-05,5.09647e-07
REBCAE_clean,0.0023102,0.000164831
ZACHET_clean,2.85125e-05,4.57112e-06
REFMEW_clean,0.000276077,6.24402e-06
HOXGEH_clean,3.82993e-05,1.02852e-06
XENMOU_SL,0.00102999,2.4774e-05
ZUPBET_clean,0.0121907,0.00477939
EGOZAB_clean,9.49739e-05,1.13813e-06
OGEBAF01_clean,2.42659e-05,8.47538e-07
MUHPOV_clean,0.00144075,4.86265e-05
JOVYAW_clean,0.00020842,2.56925e-06
FOJPEB_clean,0.000270627,7.34668e-06
HIGRIA_clean,0.00647526,0.00201311
FEVNOL_clean,0.0957211,0.00460776
FAGXOD_clean,0.000378473,9.33268e-06
OWIZAW_clean,2.15269e-05,2.05464e-07
ZETQIA_clean,4.86651e-06,2.42855e-07
NAGQOD_clean,2.67891e-05,4.34208e-07
HUCXUA_clean,0.000490292,5.5224e-05
QUPJAN_clean,0.00087056,3.83581e-05
IMAXUR_clean,0.000230085,1.8283e-05
ERUNUC_clean,0.000590646,0.000215929
QATXIU_clean,9.85323e-05,7.7619e-06
XIHSEN01_clean,0.00192865,0.000703227
ISUFOS_clean,0.000210269,2.81767e-06
HOWQOA_clean,0.000771595,0.000201929
NOHLED_clean,5.35481e-05,1.31582e-05
FOSTUE_clean,5.04028e-05,6.62187e-07
EBUREA_clean,0.00452996,0.00172267
GAWMOJ_clean,6.35248e-05,8.9443e-06
QUHMOX_clean,0.121843,0.0729884
IGIZUV_clean,0.108267,0.0137157
NAGBUU_clean,0.00588158,0.00100941
VIRVEY_clean,0.000423222,8.50145e-05
XULGUI_clean,0.00047576,1.11218e-05
VAGBUD_clean,5.82609e-05,1.57374e-05
FAGQAI_clean,2.11457e-05,7.4638e-07
HARGUC_clean,0.000645781,4.1283e-05
JORLEJ_clean,0.00112939,0.000608076
KASRED_clean,0.000577641,0.000174185
IVEKEA_clean,2.95965e-05,3.55035e-07
DABGIZ_clean,0.000117414,8.67899e-06
PAMHIW_clean,0.000140742,1.84444e-06
MOKVOZ_clean,0.000124999,2.27429e-06
OQIZUL_clean,9.37479e-05,1.45125e-06
DIBXAO_clean,0.000460268,4.36428e-05
EWUTEW_clean,6.97669e-05,9.61177e-07
ORUKOD_clean,0.0745852,0.0231712
ZUBFIN_clean,0.000219929,5.90884e-06
HIMSAY_clean,0.00124051,3.78648e-05
PORLEP_clean,0.000128802,3.07079e-06
WIVFIS_clean,3.79354e-05,3.50779e-06
YOYQIO_clean,0.000482783,7.13444e-06
EWECOY_clean,0.000107236,9.54333e-06
QIRWAR_clean,0.000191597,6.61407e-06
UNOTOH_clean,9.00936e-05,6.23e-06
XECBUD_clean,0.00021945,1.02151e-05
DOZCEC_clean,8.87081e-05,4.01173e-05
GEJJEL01_clean,0.0190279,0.0112372
QALHES_clean,4.75318e-05,2.78344e-06
ITIPOS_clean,0.000130463,2.14608e-05
WENDIE_clean,0.00962767,0.00471758
PEYPIU_clean,0.00056035,1.84354e-05
NAQLAT_clean,0.000832734,8.53341e-05
XUMRUU_clean,0.00844537,0.00129761
DOMDAL_clean,0.0512842,0.027367
PEMREG_clean,0.000102594,3.92483e-05
IYUCIQ_clean,2.14941e-05,5.68521e-07
HUXWAY_clean,6.78541e-06,7.38883e-08
YUDFOU_clean,0.000450351,9.90516e-05
FIXVUE_clean,3.01105e-06,1.84302e-07
WIWDEN_clean,0.0766303,0.0102444
NEFTUP_clean,4.68244e-06,1.44794e-06
WUSLED_clean,1.57746e-05,2.35654e-07
OBODEQ_clean,0.0965401,0.0557156
XEXMEU_clean,3.24306e-05,2.92875e-07
YAQCEY_clean,0.000148964,2.71174e-05
LIDWIG_clean,0.000208053,3.4819e-06
MACHIJ_clean,0.000106419,2.08514e-05
QATVUE_clean,0.000772615,2.89982e-05
FEGNIQ_clean,6.64598e-05,9.98097e-07
ECODIK_clean,0.000287333,2.06416e-05
NEKMUN_clean,0.000383873,7.15741e-06
PUPXII01_clean,0.00972832,0.00476416
EGATOW_clean,0.00100374,0.000379403
WOBFOK_clean,1.11245e-05,2.66497e-07
RASXIT_clean,0.0117878,0.00102786
VEDGIW_clean,0.000116117,1.65791e-06
WIYZOU_clean,0.0246684,0.00932486
IMEDOV_clean,5.50245e-05,1.32619e-06
WODVOB_clean,0.00139111,0.00025354
JUMDEC_clean,5.1766e-05,3.76555e-07
DIBPIP_clean,0.000956261,5.9858e-05
KESBUG_clean,8.74455e-05,1.23322e-06
WUKXEH_clean,2.80639e-05,8.16738e-07
MEKDUC_clean,0.000341603,7.4344e-06
LUZJAT_clean,0.00069183,0.000152287
VOCCOH_clean,0.000445103,0.000161436
LAHVAU_clean,0.000686644,0.000355114
PAVMAB_clean,0.000535158,7.64947e-06
KONYOB_clean,0.000198917,2.3098e-05
WOJNAL_clean,4.25965e-05,1.2944e-06
FATKUI_clean,0.830244,0.412045
GIKQIC_clean,0.000287927,1.71438e-05
LOMMOR_clean,5.66625e-05,2.25072e-06
DEPYED_clean,6.48743e-05,3.38485e-06
LELDUD_clean,1.89692e-05,4.17625e-07
WAGZEL_clean,0.323766,0.141357
VURLIF_clean,5.98109e-05,5.11991e-07
NODKUN_clean,9.77893e-05,1.54792e-06
EVEGER_clean,0.000953332,0.000199037
UQULAU_clean,0.00021363,9.7558e-06
FUDHET_clean,0.00170329,0.000507897
HOWSIX_clean,0.000162402,6.59664e-06
XUFPIZ_clean,0.000228798,2.22581e-05
MURTUO_clean,3.75562e-05,2.04395e-06
WAGQAY_clean,7.58574e-05,3.87898e-05
OSOMIT_clean,0.00909366,0.00168788
DAJHUS_clean,0.000155646,3.5971e-06
VEHNED_clean,0.380241,0.0472832
ZARLIP_clean,0.000104394,1.01805e-05
XUKLAS_clean,0.00264044,0.000722251
VUQKAU02_clean,0.00444526,0.0015267
NUDLEF_clean,0.00112197,0.000289831
XILVIZ_clean,0.000315408,8.71262e-05
HOGJUK_clean,1.29307e-05,4.15194e-07
VETMIS_clean,1.55746e-05,2.27835e-07
PAKFEP_clean,0.00132954,0.000459309
OYEJOS_clean,3.744e-05,8.70459e-07
LOSBOM_clean,0.00537866,0.00218017
JOQSOZ_clean,9.62087e-05,3.35113e-06
UWELIS_clean,0.000173567,3.1378e-06
IVUVIG_clean,0.206147,0.185837
KIDXUR_clean,0.000305024,4.42935e-05
ONODOM_clean,0.00212165,7.46103e-05
YUKXEJ_clean,0.0264164,0.017085
YUKCAJ_clean,0.000219252,4.09774e-06
WODREO_clean,0.00694658,0.00236906
WUGQAS_clean,0.000112549,4.88777e-06
MIXZOK_clean,2.1143e-05,5.05977e-07
JUFREJ_clean,0.00175178,0.000446712
JADJOQ_clean,7.93688e-05,4.2499e-06
QAMLEY_clean,7.61041e-05,3.97216e-06
FIBFUS_clean,7.08579e-05,1.20317e-06
PURJIW_clean,0.000123189,8.17215e-06
GUJREK_clean,0.000111216,9.44761e-06
NOFQII_clean,0.00073457,0.000103759
WECBAJ_clean,5.98629e-05,8.93551e-06
QIQVIX_clean,0.00182978,0.000416367
LULVOF_clean,0.000838626,2.59221e-05
XAMHEA_manual,6.67183e-05,5.93051e-06
OYEBIE_clean,0.000345922,1.65421e-05
OHIHUJ_clean,0.00749781,0.00108207
XIFLUV_clean,0.0535572,0.00493381
YEZFIU_clean,3.02675e-05,5.7118e-07
KUDWAJ_clean,3.52983e-05,6.0987e-07
QANSUV_clean,0.000782461,1.17679e-05
GOSKEG_clean,0.000247233,6.84493e-05
MUGHED_clean,0.0001577,3.73088e-06
KOZNIY_clean,0.000182588,1.52372e-05
XURNUU_clean,0.0356996,0.0127534
QAWPIO_clean,0.438889,0.0895045
NISPOV_clean,0.000615466,2.06418e-05
WOLFAG_clean,0.000189574,3.98406e-06
DALVIY_clean,0.00112422,0.000450579
LAHYOL_clean,0.0830595,0.0227217
WAQFAX_clean,9.10401e-05,2.14079e-05
IGAGAA_clean,0.000758077,0.000110767
MAKRIC_clean,0.00161849,0.000146621
MILROQ_clean,6.77568e-05,1.16473e-05
DOZKIO_clean,0.00610836,0.0036247
LUSYEF_clean,8.39796e-05,2.93152e-06
QIRBUQ_clean,0.894193,0.0405182
DIVSUY_clean,0.0135492,0.00187102
VIXPUP_clean,3.85375e-05,1.23749e-06
JEJWOL_clean,0.00892139,0.0072048
LATPIG_clean,3.1488e-05,5.32242e-07
HASMIZ_clean,3.07313e-05,1.52162e-07
QUNVIG_clean,2.15464e-05,1.24559e-07
EJETAQ_clean,0.0001422,4.90368e-05
DIVGIA_clean,0.000144644,7.23541e-06
DALSER_clean,5.46025e-06,8.14045e-08
EPOTAF_clean,2.5068e-05,3.56517e-07
WIBSAD_clean,0.000128567,1.3003e-05
NEGZUW_clean,0.010379,0.00253186
YAWFOS_clean,6.36794e-06,2.3863e-07
GUMBIA_clean,0.000295268,8.06228e-06
FILYEG_clean,0.000294994,0.000133591
GIFSOF_clean,0.0179999,0.00372046
GUXPOF_clean,0.000161811,1.56363e-05
YEYYAC_clean,9.55111e-05,1.50792e-06
WAHDIT_clean,5.13937e-05,1.1772e-06
REFHUH_clean,0.000234158,2.95511e-05
NERTAH_clean,0.00052561,2.54139e-05
OPIYAP_clean,0.000144823,5.0721e-06
FECZAQ_manual,8.04192e-05,1.18447e-05
