,structure,Density
0,RSM2256,1.18862
1,RSM4479,1.05093
2,RSM2682,1.02104
3,RSM4556,0.42491
4,RSM2432,1.60366
5,RSM1431,1.09134
6,RSM4320,1.44424
7,RSM4538,1.05222
8,RSM1235,1.14894
9,RSM2133,1.98894
10,RSM2018,1.13751
11,RSM4286,0.745507
12,RSM0872,2.0404
13,RSM3527,1.79529
14,RSM3896,1.01874
15,RSM1684,0.721551
16,RSM4417,0.584459
17,RSM4234,0.672545
18,RSM3738,0.631546
19,RSM2459,1.94207
20,RSM3579,1.09312
21,RSM3449,1.4221
22,RSM1176,1.0493
23,RSM4186,0.91846
24,RSM3860,1.23036
25,RSM2099,0.772138
26,RSM4555,1.04472
27,RSM2257,1.03851
28,RSM2337,1.18823
29,RSM4486,0.784804
30,RSM0330,2.22313
31,RSM0043,0.984742
32,RSM1871,1.60929
33,RSM3506,1.33767
34,RSM0498,0.986702
35,RSM3275,1.30221
36,RSM4008,1.54693
37,RSM2667,0.890752
38,RSM3110,1.11486
39,RSM3902,0.91794
40,RSM3556,1.11783
41,RSM0596,2.00031
42,RSM4438,0.438108
43,RSM2152,2.15801
44,RSM3009,1.1358
45,RSM1608,1.74504
46,RSM4565,1.00474
47,RSM1252,1.24313
48,RSM3734,0.625441
49,RSM2872,1.20273
50,RSM4423,0.692804
51,RSM3489,1.22083
52,RSM3381,1.49939
53,RSM0152,1.93727
54,RSM1460,1.21179
55,RSM1689,1.40647
56,RSM1594,1.19093
57,RSM2513,1.80196
58,RSM1717,1.28246
59,RSM3401,1.00982
60,RSM2563,1.18451
61,RSM3583,1.33101
62,RSM1501,1.39336
63,RSM1995,2.11839
64,RSM4370,0.691602
65,RSM0240,1.77921
66,RSM1994,0.673898
67,RSM2035,1.00494
68,RSM2912,0.954835
69,RSM3925,0.461254
70,RSM4418,1.40845
71,RSM3358,0.797204
72,RSM3326,1.43445
73,RSM2002,1.42862
74,RSM1927,1.06398
75,RSM0317,1.58303
76,RSM0087,2.08303
77,RSM3704,0.981639
78,RSM1489,1.19978
79,RSM2496,2.34224
80,RSM2104,0.891924
81,RSM0316,1.69504
82,RSM1326,1.99696
83,RSM1917,1.00223
84,RSM3595,1.23724
85,RSM2670,1.36939
86,RSM2963,1.48545
87,RSM2072,0.759342
88,RSM0705,1.38151
89,RSM0398,1.54932
90,RSM0184,1.32938
91,RSM3367,1.31971
92,RSM3391,0.859399
93,RSM0117,1.59304
94,RSM2871,1.98899
95,RSM2280,1.6814
96,RSM1167,1.29436
97,RSM2175,1.84338
98,RSM2791,1.0981
99,RSM3325,0.75289
100,RSM2840,1.67503
101,RSM0789,1.34684
102,RSM0954,1.70389
103,RSM4198,1.95583
104,RSM0858,0.965907
105,RSM3646,1.27781
106,RSM1026,2.26869
107,RSM0684,1.72688
108,RSM2558,1.70085
109,RSM0702,1.98155
110,RSM3169,1.09573
111,RSM1100,2.95342
112,RSM0062,0.937563
113,RSM3514,0.827675
114,RSM1333,1.46798
115,RSM2954,1.50946
116,RSM1376,1.56105
117,RSM1497,1.35214
118,RSM1077,1.7313
119,RSM1408,1.14177
120,RSM0716,2.15148
121,RSM2454,0.937741
122,RSM2953,1.98928
123,RSM0643,0.729555
124,RSM1215,1.16432
125,RSM0140,0.58004
126,RSM0586,1.83432
127,RSM4483,0.6195
128,RSM0060,1.2988
129,RSM1072,0.950281
130,RSM1263,1.58289
131,RSM0356,1.53763
132,RSM1772,1.17645
133,RSM4236,0.393999
134,RSM1875,0.937592
135,RSM4122,1.11323
136,RSM0706,0.538711
137,RSM4566,0.997273
138,RSM3333,1.64349
139,RSM2039,1.29214
140,RSM0847,0.699893
141,RSM0123,2.07954
142,RSM0739,1.09499
143,RSM4262,1.15898
144,RSM4300,1.56226
145,RSM4361,0.827233
146,RSM1016,1.47563
147,RSM2055,1.98634
148,RSM1075,0.958393
149,RSM4261,0.480202
150,RSM3922,0.716876
151,RSM2076,0.882466
152,RSM0647,1.17451
153,RSM3518,1.45312
154,RSM0227,1.08543
155,RSM0224,1.2896
156,RSM2481,3.53657
157,RSM1223,1.07735
158,RSM2775,0.824966
159,RSM1588,2.24422
160,RSM4017,1.62612
161,RSM4103,0.760184
162,RSM1637,1.40419
163,RSM2265,1.47217
164,RSM1087,1.71696
165,RSM3878,0.830092
166,RSM0914,1.42158
167,RSM2375,2.25354
168,RSM0699,0.999002
169,RSM3511,1.28647
170,RSM0148,1.5842
171,RSM0819,1.12119
172,RSM2301,0.564946
173,RSM2430,1.4545
174,RSM4249,1.17395
175,RSM2880,1.53246
176,RSM3655,0.774165
177,RSM2279,1.01545
178,RSM1572,1.4664
179,RSM4113,0.848553
180,RSM1933,0.569609
181,RSM0988,1.02363
182,RSM3096,0.950582
183,RSM0682,1.85143
184,RSM3233,0.578977
185,RSM2900,0.736879
186,RSM0220,1.0819
187,RSM1027,2.44219
188,RSM2798,0.995039
189,RSM0532,1.9749
190,RSM3692,0.852828
191,RSM0916,1.93916
192,RSM2602,0.365959
193,RSM3974,1.34142
194,RSM0519,1.37874
195,RSM2988,2.1381
196,RSM3799,1.48204
197,RSM0213,2.12865
198,RSM1319,1.34095
199,RSM3057,1.26386
200,RSM3618,1.65738
201,RSM3942,1.31823
202,RSM2928,1.55994
203,RSM4173,1.02566
204,RSM1121,1.22291
205,RSM0172,1.04649
206,RSM1613,1.22358
207,RSM4308,0.393681
208,RSM0715,0.441226
209,RSM0314,1.11919
210,RSM0825,1.26918
211,RSM0994,1.18387
212,RSM3853,1.34241
213,RSM2468,1.31009
214,RSM2486,1.58177
215,RSM1255,1.22007
216,RSM2917,1.20272
217,RSM2966,0.897601
218,RSM0421,1.1381
219,RSM0400,1.54224
220,RSM0777,0.725084
221,RSM3155,1.02683
222,RSM2299,1.34306
223,RSM1371,1.82934
224,RSM2181,1.59757
225,RSM4280,1.17248
226,RSM0731,1.20824
227,RSM0887,2.30362
228,RSM4238,1.46074
229,RSM0234,1.14965
230,RSM1621,1.98437
231,RSM3981,0.774248
232,RSM0678,1.29994
233,RSM1193,0.748267
234,RSM2851,1.3816
235,RSM3459,0.577995
236,RSM2006,1.07674
237,RSM1545,1.45354
238,RSM3403,2.23719
239,RSM1324,0.978351
240,RSM4288,0.994061
241,RSM4517,0.520194
242,RSM0408,2.63822
243,RSM3229,0.954155
244,RSM3260,1.13633
245,RSM2226,2.03225
246,RSM0235,1.94365
247,RSM3270,0.750306
248,RSM0517,2.0435
249,RSM2472,0.888297
250,RSM3040,1.40836
251,RSM3731,1.25231
252,RSM4568,0.755165
253,RSM0226,1.58362
254,RSM4240,0.398147
255,RSM1053,1.66812
256,RSM0380,1.74971
257,RSM0516,1.04013
258,RSM3120,2.12789
259,RSM0723,1.36626
260,RSM4407,0.623397
261,RSM1694,2.1503
262,RSM4188,0.422699
263,RSM3937,1.47836
264,RSM0747,1.40953
265,RSM4501,0.275269
266,RSM1923,0.638093
267,RSM2873,1.23022
268,RSM2657,0.650737
269,RSM0160,1.60519
270,RSM0834,1.82865
271,RSM2955,1.54536
272,RSM0689,1.39086
273,RSM1126,0.575521
274,RSM0991,1.192
275,RSM2886,0.991022
276,RSM2754,1.28389
277,RSM2616,2.1124
278,RSM3159,1.52904
279,RSM1929,0.876961
280,RSM2922,1.64791
281,RSM1902,1.5195
282,RSM4397,0.28827
283,RSM0046,2.7979
284,RSM0908,1.65973
285,RSM1963,1.75188
286,RSM0981,1.01115
287,RSM3261,1.64154
288,RSM1756,1.41688
289,RSM0055,1.26024
290,RSM4474,0.705456
291,RSM4190,0.807184
292,RSM0871,1.13637
293,RSM2844,0.688504
294,RSM0271,1.72199
295,RSM0479,1.90387
296,RSM0505,1.73024
297,RSM4293,0.454109
298,RSM0709,1.65748
299,RSM1411,1.14637
300,RSM4035,0.438374
301,RSM1078,1.92571
302,RSM0251,1.08542
303,RSM0010,1.72581
304,RSM1042,0.668122
305,RSM1674,1.29955
306,RSM2368,0.700167
307,RSM3142,1.375
308,RSM3368,1.11493
309,RSM3941,1.24094
310,RSM2311,1.2611
311,RSM1518,1.34726
312,RSM2494,1.20957
313,RSM2687,1.58449
314,RSM1472,0.820252
315,RSM3761,1.59403
316,RSM1816,1.33933
317,RSM2342,1.29614
318,RSM2305,1.1888
319,RSM0183,0.696941
320,RSM4119,1.5152
321,RSM4380,1.29245
322,RSM2828,1.23032
323,RSM2866,1.57716
324,RSM2946,1.27909
325,RSM0946,0.950282
326,RSM1805,2.11324
327,RSM1237,1.11635
328,RSM1507,1.20731
329,RSM3413,1.99945
330,RSM4143,0.464719
331,RSM0230,1.18585
332,RSM0864,1.35322
333,RSM1290,1.53281
334,RSM0799,1.38872
335,RSM1677,2.21133
336,RSM2705,1.50192
337,RSM2287,1.06977
338,RSM2078,1.71163
339,RSM3258,2.13114
340,RSM1589,0.740723
341,RSM2443,1.1738
342,RSM3001,0.96984
343,RSM2360,1.03941
344,RSM4226,1.11522
345,RSM0531,1.20107
346,RSM4318,0.985199
347,RSM3111,0.708194
348,RSM0508,1.95877
349,RSM2048,1.4399
350,RSM3639,1.80601
351,RSM1771,1.36013
352,RSM2163,0.382859
353,RSM4041,0.618089
354,RSM3796,1.16171
355,RSM2329,1.49095
356,RSM0628,1.30215
357,RSM2826,1.52864
358,RSM1452,1.72155
359,RSM1177,1.79137
360,RSM0521,1.65505
361,RSM0026,2.13416
362,RSM0652,1.51027
363,RSM4439,1.22314
364,RSM0208,1.3474
365,RSM4327,0.774142
366,RSM1707,1.39677
367,RSM1096,2.4072
368,RSM2196,0.690878
369,RSM1551,1.69558
370,RSM1142,1.61663
371,RSM0860,1.3651
372,RSM3313,0.870514
373,RSM0962,1.06351
374,RSM0429,0.699794
375,RSM3880,1.35351
376,RSM2771,1.16802
377,RSM1543,0.843332
378,RSM0592,1.76176
379,RSM3458,0.608249
380,RSM3972,0.592918
381,RSM0573,2.25089
382,RSM3926,1.19004
383,RSM2531,1.47554
384,RSM0683,1.18357
385,RSM0800,1.49777
386,RSM2903,0.761952
387,RSM3932,0.887175
388,RSM3990,0.917953
389,RSM1336,1.16944
390,RSM1596,1.28315
391,RSM3127,1.28454
392,RSM1766,1.08216
393,RSM1138,1.76664
394,RSM3822,1.21891
395,RSM2603,2.44242
396,RSM0079,2.19272
397,RSM3573,1.06682
398,RSM2597,0.711128
399,RSM3995,0.657722
400,RSM0394,0.942547
401,RSM0844,1.78987
402,RSM2911,1.29286
403,RSM3271,1.22096
404,RSM0791,1.4069
405,RSM4137,1.26064
406,RSM2583,1.56235
407,RSM2110,0.851642
408,RSM2313,2.02931
409,RSM0359,1.10307
410,RSM3661,1.68377
411,RSM0098,1.12274
412,RSM1655,1.40571
413,RSM3265,0.946191
414,RSM3072,1.09764
415,RSM0821,2.22985
416,RSM3222,0.924283
417,RSM4104,0.758362
418,RSM3430,0.828254
419,RSM0452,1.74124
420,RSM3919,1.86111
421,RSM0992,1.2465
422,RSM2327,1.17825
423,RSM3475,1.12579
424,RSM2619,1.31813
425,RSM3248,1.76321
426,RSM0254,1.98829
427,RSM4608,0.966954
428,RSM2434,1.54647
429,RSM3691,0.699553
430,RSM2739,1.12638
431,RSM3635,0.658906
432,RSM4549,1.07931
433,RSM2377,1.49648
434,RSM3914,0.680737
435,RSM0336,2.86136
436,RSM2451,1.33953
437,RSM2950,1.29386
438,RSM1178,0.717988
439,RSM4521,0.833405
440,RSM2710,1.69019
441,RSM3479,0.972696
442,RSM4590,0.864643
443,RSM4368,1.01911
444,RSM1646,1.49336
445,RSM1481,1.67758
446,RSM1291,1.66944
447,RSM3076,1.35744
448,RSM4247,1.11001
449,RSM2990,1.1565
450,RSM2150,1.05924
451,RSM3122,1.16496
452,RSM3243,0.946419
453,RSM2795,1.44303
454,RSM3562,1.22172
455,RSM1069,1.06664
456,RSM3589,1.29732
457,RSM0107,2.00053
458,RSM3875,1.27075
459,RSM3752,1.03784
460,RSM1996,1.22081
461,RSM0933,1.4042
462,RSM4128,0.48139
463,RSM4242,1.2368
464,RSM0875,1.53796
465,RSM2233,1.56832
466,RSM3871,1.26026
467,RSM4175,0.914681
468,RSM2132,1.50243
469,RSM3674,1.47475
470,RSM3112,0.866152
471,RSM0257,1.94301
472,RSM2546,1.19375
473,RSM2218,1.15319
474,RSM3888,1.55065
475,RSM0261,1.1713
476,RSM2924,0.99932
477,RSM0506,1.95055
478,RSM3237,1.22691
479,RSM1550,1.09423
480,RSM1401,1.21041
481,RSM0480,1.95644
482,RSM4294,0.974358
483,RSM2805,1.30508
484,RSM3428,0.871454
485,RSM0031,1.60093
486,RSM1639,1.81519
487,RSM4138,0.961158
488,RSM1555,0.914832
489,RSM0453,1.6806
490,RSM2519,1.702
491,RSM0768,0.69563
492,RSM1884,1.29553
493,RSM1254,1.16729
494,RSM2253,1.61925
495,RSM3176,0.867592
496,RSM3696,0.624537
497,RSM3517,1.09603
498,RSM3286,0.792973
499,RSM0833,2.05916
500,RSM4532,1.00727
501,RSM4254,1.42333
502,RSM0076,1.43694
503,RSM4388,0.97779
504,RSM0067,2.03401
505,RSM2999,0.662177
506,RSM4278,0.641567
507,RSM3529,1.63041
508,RSM3433,0.232026
509,RSM4616,0.853861
510,RSM1679,1.8024
511,RSM2951,1.3372
512,RSM2819,1.50256
513,RSM3997,1.06249
514,RSM4079,0.839779
515,RSM1791,1.04983
516,RSM1877,1.28324
517,RSM2551,1.1335
518,RSM0878,2.20586
519,RSM0880,2.28594
520,RSM0134,1.9811
521,RSM1276,1.94909
522,RSM3771,0.275817
523,RSM3499,1.54053
524,RSM2211,1.04979
525,RSM0266,1.42559
526,RSM0964,1.12369
527,RSM3716,0.486668
528,RSM0009,1.62893
529,RSM2413,0.669901
530,RSM0460,1.37635
531,RSM2737,1.69759
532,RSM4120,1.24529
533,RSM4307,0.71805
534,RSM1226,1.18134
535,RSM3894,1.06303
536,RSM3323,0.766752
537,RSM1961,1.29518
538,RSM1214,0.584888
539,RSM1535,2.9697
540,RSM4614,0.634456
541,RSM1206,0.650087
542,RSM3085,0.902984
543,RSM1767,1.14406
544,RSM2631,1.97319
545,RSM2856,1.17362
546,RSM3521,1.23394
547,RSM1056,1.42405
548,RSM0291,1.42519
549,RSM4101,0.772968
550,RSM1089,0.953085
551,RSM0765,1.87818
552,RSM3485,1.55667
553,RSM1385,1.53727
554,RSM2225,1.40018
555,RSM2485,1.24451
556,RSM3440,1.21881
557,RSM3162,1.53245
558,RSM0663,1.80464
559,RSM2868,1.17963
560,RSM3484,1.41505
561,RSM1965,0.359606
562,RSM1334,1.50073
563,RSM4124,0.998389
564,RSM2633,1.21293
565,RSM1492,1.14531
566,RSM1200,1.47369
567,RSM0987,1.73815
568,RSM1916,1.21267
569,RSM0053,1.99154
570,RSM4010,0.684525
571,RSM2906,1.47375
572,RSM3262,1.11832
573,RSM4301,1.46839
574,RSM1314,1.32615
575,RSM0793,1.39971
576,RSM2448,0.644484
577,RSM2326,0.985809
578,RSM1683,1.09912
579,RSM1522,0.860523
580,RSM4575,1.22551
581,RSM1516,2.17135
582,RSM3388,1.18079
583,RSM2628,1.4485
584,RSM2012,1.3219
585,RSM4296,1.7475
586,RSM0419,1.40506
587,RSM3865,1.07141
588,RSM1985,0.99772
589,RSM0036,2.18826
590,RSM4183,0.67094
591,RSM2422,1.65838
592,RSM2347,1.26122
593,RSM2330,0.845993
594,RSM0116,1.98365
595,RSM2569,1.21494
596,RSM2231,2.39375
597,RSM3457,1.09233
598,RSM1976,1.24454
599,RSM0966,1.42153
600,RSM1315,0.932671
601,RSM1469,0.83338
602,RSM1043,2.06387
603,RSM0445,0.613047
604,RSM1540,1.26511
605,RSM2470,0.943662
606,RSM1602,1.20624
607,RSM4027,0.742955
608,RSM2674,1.03323
609,RSM2011,1.58915
610,RSM0332,1.6228
611,RSM0477,2.37509
612,RSM1224,1.28805
613,RSM0432,1.41337
614,RSM4203,1.0311
615,RSM3951,1.28432
616,RSM0525,1.82754
617,RSM4118,1.30484
618,RSM1303,1.12535
619,RSM3067,1.56522
620,RSM1466,2.09455
621,RSM2721,1.26338
622,RSM1763,1.64167
623,RSM3444,0.684964
624,RSM2937,0.887297
625,RSM1171,1.35352
626,RSM4024,0.996922
627,RSM2463,1.32959
628,RSM3362,1.10332
629,RSM3846,1.06833
630,RSM3160,1.71085
631,RSM1391,1.0242
632,RSM0921,1.2795
633,RSM1351,1.77101
634,RSM1739,0.930439
635,RSM1355,2.07011
636,RSM2242,1.23237
637,RSM2118,2.0371
638,RSM0289,1.00123
639,RSM1014,1.82815
640,RSM1831,1.26868
641,RSM1498,1.18862
642,RSM2961,1.03728
643,RSM1564,0.814829
644,RSM4007,0.789623
645,RSM0002,1.96174
646,RSM1220,0.741175
647,RSM1779,1.11468
648,RSM3420,0.9369
649,RSM2932,1.35585
650,RSM1454,1.2356
651,RSM2043,1.59574
652,RSM1009,1.46889
653,RSM4088,1.02903
654,RSM2057,0.916929
655,RSM4601,0.570802
656,RSM4032,0.929909
657,RSM2783,0.783384
658,RSM1992,1.46382
659,RSM4455,1.13328
660,RSM2489,1.34043
661,RSM2149,0.712124
662,RSM0935,1.73661
663,RSM0260,1.90214
664,RSM1955,0.841796
665,RSM0868,1.7136
666,RSM3015,1.36616
667,RSM0048,0.991517
668,RSM0510,1.23939
669,RSM1045,1.30278
670,RSM3657,0.795802
671,RSM0620,1.0285
672,RSM1499,1.58891
673,RSM0656,1.55626
674,RSM4147,0.978378
675,RSM4467,0.83592
676,RSM1892,1.64465
677,RSM0090,2.02284
678,RSM3407,1.34833
679,RSM1818,1.39297
680,RSM1669,1.29724
681,RSM1187,1.77165
682,RSM3940,2.11286
683,RSM2867,1.44225
684,RSM0063,2.00068
685,RSM2096,2.02827
686,RSM1306,1.17991
687,RSM4117,1.19028
688,RSM3611,0.431449
689,RSM2151,0.89822
690,RSM4191,0.898139
691,RSM4022,0.754746
692,RSM4376,1.07461
693,RSM3698,0.695055
694,RSM4516,1.07877
695,RSM1533,0.714711
696,RSM3417,0.929693
697,RSM2841,1.12524
698,RSM3276,1.35621
699,RSM3622,1.25392
700,RSM1244,1.14663
701,RSM3395,1.10665
702,RSM2934,1.40456
703,RSM1269,1.57276
704,RSM0385,1.89784
705,RSM0876,2.08041
706,RSM0734,1.12489
707,RSM3139,1.49187
708,RSM3360,0.740697
709,RSM2703,0.509982
710,RSM0891,1.78467
711,RSM1824,1.87972
712,RSM3353,1.48901
713,RSM1794,0.847829
714,RSM0367,1.12249
715,RSM2994,1.00761
716,RSM2818,1.20242
717,RSM4460,0.95769
718,RSM3387,1.16474
719,RSM1529,1.27494
720,RSM4500,1.55048
721,RSM3992,0.163737
722,RSM3749,0.958563
723,RSM3710,1.26322
724,RSM4289,0.953025
725,RSM1309,1.22581
726,RSM0785,2.33186
727,RSM2743,1.49308
728,RSM3912,0.974919
729,RSM1084,1.34683
730,RSM0158,1.13241
731,RSM1585,1.33541
732,RSM0449,1.8003
733,RSM3091,0.565182
734,RSM3213,1.451
735,RSM0548,1.24168
736,RSM0451,1.06384
737,RSM4597,0.987714
738,RSM2222,1.25129
739,RSM1174,1.51914
740,RSM1773,1.24669
741,RSM3834,1.05564
742,RSM3877,1.31762
743,RSM2504,0.994211
744,RSM2457,1.17023
745,RSM0038,2.02647
746,RSM2774,0.982395
747,RSM3565,1.01791
748,RSM0673,1.05541
749,RSM1300,1.10662
750,RSM0665,1.69882
751,RSM3416,1.06407
752,RSM3469,1.30199
753,RSM1820,1.28582
754,RSM1377,0.971881
755,RSM4581,0.595166
756,RSM1774,1.30921
757,RSM3378,1.15093
758,RSM2272,0.936546
759,RSM1074,1.52182
760,RSM2957,1.30168
761,RSM1947,1.46535
762,RSM1762,1.14997
763,RSM2156,1.00205
764,RSM1536,1.26807
765,RSM1076,1.85814
766,RSM0862,0.811406
767,RSM0943,1.10204
768,RSM2968,0.852327
769,RSM2982,1.53546
770,RSM1119,0.628355
771,RSM2088,1.25901
772,RSM2630,1.43159
773,RSM4206,0.511155
774,RSM2130,1.10158
775,RSM0763,2.2825
776,RSM2706,1.12982
777,RSM1911,1.33536
778,RSM3194,1.16873
779,RSM0248,1.65675
780,RSM2400,0.995743
781,RSM2694,1.42609
782,RSM0147,2.46346
783,RSM2137,0.858203
784,RSM1952,0.931684
785,RSM1935,0.984318
786,RSM2176,1.44497
787,RSM3103,2.00745
788,RSM1511,0.797947
789,RSM0246,1.65734
790,RSM1349,1.52066
791,RSM3705,0.521936
792,RSM0492,1.23183
793,RSM0497,1.88705
794,RSM1139,1.46029
795,RSM2965,0.998831
796,RSM3045,0.882151
797,RSM3426,1.15527
798,RSM2645,1.23217
799,RSM2621,1.4054
800,RSM1904,1.57617
801,RSM0280,1.32423
802,RSM3392,0.995026
803,RSM3408,1.42476
804,RSM3683,0.641388
805,RSM0151,1.02156
806,RSM2113,0.994964
807,RSM2539,0.491069
808,RSM0824,1.55932
809,RSM4139,1.22382
810,RSM4569,1.02803
811,RSM3678,1.22781
812,RSM0719,1.71704
813,RSM4346,1.10561
814,RSM2781,1.41226
815,RSM2336,0.708937
816,RSM3663,0.927223
817,RSM1908,1.26902
818,RSM0274,1.26019
819,RSM1028,1.84002
820,RSM3079,1.50853
821,RSM4144,1.11546
822,RSM2095,1.36328
823,RSM0941,1.04649
824,RSM0557,1.36014
825,RSM0156,2.88033
826,RSM3512,1.27786
827,RSM3027,1.69402
828,RSM3007,1.07148
829,RSM0403,1.2883
830,RSM0507,2.61491
831,RSM1836,1.01137
832,RSM1757,1.36857
833,RSM3987,0.828895
834,RSM2207,0.67956
835,RSM3273,1.42689
836,RSM1378,1.62074
837,RSM0301,1.25201
838,RSM1140,1.29956
839,RSM0252,1.99733
840,RSM1811,1.15464
841,RSM3982,0.693698
842,RSM2636,1.99801
843,RSM0640,1.61007
844,RSM2466,1.44895
845,RSM1410,1.14799
846,RSM3302,1.22102
847,RSM2097,1.31506
848,RSM0952,1.46763
849,RSM0315,1.66292
850,RSM3412,1.09301
851,RSM0985,1.49218
852,RSM0903,1.66622
853,RSM0595,1.10475
854,RSM1249,1.00973
855,RSM0575,1.76497
856,RSM1095,2.15419
857,RSM2022,1.55427
858,RSM1059,1.04762
859,RSM4050,1.35045
860,RSM4042,1.0347
861,RSM3047,1.14595
862,RSM2062,1.26544
863,RSM0001,2.19457
864,RSM2910,1.48771
865,RSM1051,2.60597
866,RSM1375,1.47787
867,RSM0022,1.57941
868,RSM0741,0.695632
869,RSM0037,1.73271
870,RSM1000,1.13845
871,RSM1661,1.18953
872,RSM2183,1.37601
873,RSM0084,1.57152
874,RSM1280,1.24551
875,RSM0094,2.70663
876,RSM2972,1.5011
877,RSM3223,0.747241
878,RSM4598,0.731958
879,RSM0288,1.16343
880,RSM4404,1.21589
881,RSM0654,1.21731
882,RSM4232,1.36168
883,RSM0578,1.5364
884,RSM3757,1.3008
885,RSM2399,1.03071
886,RSM3576,0.819289
887,RSM3538,1.28028
888,RSM3259,1.55067
889,RSM2283,1.04919
890,RSM4243,0.401693
891,RSM0035,2.06413
892,RSM1440,1.52097
893,RSM1672,1.38836
894,RSM0978,0.749948
895,RSM3900,0.904839
896,RSM2344,1.29226
897,RSM4291,0.766563
898,RSM4600,0.619475
899,RSM4459,0.645176
900,RSM2570,1.68152
901,RSM2555,1.3106
902,RSM3099,1.38596
903,RSM3154,1.10927
904,RSM2516,1.74005
905,RSM0912,1.66849
906,RSM3781,1.57258
907,RSM1553,0.933105
908,RSM3028,1.69677
909,RSM1201,1.40424
910,RSM1063,0.957641
911,RSM3445,1.3832
912,RSM2024,1.64192
913,RSM3147,1.20798
914,RSM2745,1.30974
915,RSM1898,1.584
916,RSM3988,0.580654
917,RSM0012,1.7787
918,RSM4207,0.515566
919,RSM1883,1.07414
920,RSM1363,1.29589
921,RSM1488,1.56022
922,RSM2528,0.974761
923,RSM3594,1.44059
924,RSM2881,0.769306
925,RSM4345,1.00603
926,RSM4446,1.07827
927,RSM3845,0.559941
928,RSM2215,1.40924
929,RSM3284,1.07943
930,RSM3634,1.0841
931,RSM2343,1.46706
932,RSM1398,1.59888
933,RSM4048,0.992461
934,RSM2134,0.512933
935,RSM0391,1.22156
936,RSM1085,1.80028
937,RSM0626,1.07305
938,RSM0137,1.82279
939,RSM2964,1.06679
940,RSM4480,0.763065
941,RSM0743,0.590183
942,RSM2378,1.37321
943,RSM2627,1.05208
944,RSM1656,1.54191
945,RSM3961,1.40586
946,RSM3891,0.662414
947,RSM0430,1.1383
948,RSM3890,1.02953
949,RSM2808,1.18439
950,RSM0598,0.900562
951,RSM2015,1.78797
952,RSM2086,1.62573
953,RSM0616,1.70384
954,RSM0345,1.61706
955,RSM1013,1.48535
956,RSM0614,1.29331
957,RSM4433,0.782079
958,RSM2686,0.961765
959,RSM3966,1.37409
960,RSM3718,1.35822
961,RSM1245,1.99809
962,RSM3732,1.51296
963,RSM2254,0.87998
964,RSM1116,1.25099
965,RSM1312,1.35914
966,RSM0703,0.931696
967,RSM3887,0.750142
968,RSM2833,1.17065
969,RSM0920,1.62808
970,RSM4374,1.42789
971,RSM0784,1.16771
972,RSM4235,1.88663
973,RSM1710,1.17847
974,RSM0311,1.58556
975,RSM0561,1.28717
976,RSM3621,1.25209
977,RSM1623,1.198
978,RSM1864,1.72792
979,RSM2381,0.928275
980,RSM4473,0.356687
981,RSM2417,1.82088
982,RSM4564,1.01258
983,RSM1715,1.22313
984,RSM1002,1.20664
985,RSM1415,0.786295
986,RSM2931,1.33395
987,RSM3753,1.22962
988,RSM2146,0.535483
989,RSM2332,1.49157
990,RSM2896,1.18972
991,RSM0625,1.4458
992,RSM0295,1.45231
993,RSM1803,2.31078
994,RSM4020,1.4546
995,RSM0320,1.64428
996,RSM0746,1.55452
997,RSM4599,0.940015
998,RSM3789,1.20481
999,RSM0047,1.06941
1000,RSM4299,1.47858
1001,RSM0476,2.18632
1002,RSM1112,1.24955
1003,RSM3046,1.49633
1004,RSM3200,1.62826
1005,RSM0812,1.52905
1006,RSM4283,0.821139
1007,RSM3174,0.774733
1008,RSM4579,0.500626
1009,RSM1620,1.40251
1010,RSM4172,0.601935
1011,RSM2530,1.40638
1012,RSM2420,1.70393
1013,RSM2725,1.38966
1014,RSM4495,0.619321
1015,RSM0728,1.31887
1016,RSM1508,1.06351
1017,RSM0934,1.04852
1018,RSM3713,0.924619
1019,RSM3436,0.60274
1020,RSM1194,1.39607
1021,RSM4377,1.24916
1022,RSM1462,1.62932
1023,RSM3777,0.839439
1024,RSM2276,1.11332
1025,RSM0244,1.88574
1026,RSM0645,2.59612
1027,RSM1165,0.817779
1028,RSM3204,0.95401
1029,RSM2325,0.537916
1030,RSM0202,1.45737
1031,RSM2836,1.31438
1032,RSM3055,1.30028
1033,RSM1198,1.78537
1034,RSM3305,1.16373
1035,RSM2068,1.07063
1036,RSM2075,1.50582
1037,RSM3066,1.29144
1038,RSM0567,1.42223
1039,RSM0953,0.984903
1040,RSM0696,0.721732
1041,RSM0537,0.998811
1042,RSM1007,1.16729
1043,RSM0179,1.51301
1044,RSM4408,0.80496
1045,RSM2615,1.31628
1046,RSM1865,1.53774
1047,RSM1025,0.59473
1048,RSM2036,1.04862
1049,RSM0008,1.31879
1050,RSM4489,1.06609
1051,RSM0268,1.66839
1052,RSM0662,1.19627
1053,RSM1951,0.995254
1054,RSM0547,2.21866
1055,RSM1325,1.50688
1056,RSM2033,0.980107
1057,RSM0372,1.26014
1058,RSM4033,1.12684
1059,RSM2592,1.53961
1060,RSM0558,0.934977
1061,RSM3327,1.06079
1062,RSM1480,1.18357
1063,RSM0111,2.25657
1064,RSM0420,1.36817
1065,RSM0718,1.6526
1066,RSM2773,0.753236
1067,RSM4094,1.25127
1068,RSM3693,1.19798
1069,RSM3767,0.703376
1070,RSM3816,1.61761
1071,RSM2369,1.06701
1072,RSM4145,0.9712
1073,RSM4409,1.68878
1074,RSM1305,1.52841
1075,RSM0355,1.61617
1076,RSM4595,0.570134
1077,RSM3794,1.44811
1078,RSM2550,1.19076
1079,RSM0119,1.99283
1080,RSM2984,1.38049
1081,RSM0612,1.52617
1082,RSM0186,1.68837
1083,RSM1134,1.51178
1084,RSM0867,1.04497
1085,RSM0809,0.656663
1086,RSM2770,1.63435
1087,RSM1973,1.01059
1088,RSM3993,0.761484
1089,RSM1567,1.3377
1090,RSM1246,1.08864
1091,RSM2415,0.70998
1092,RSM2315,1.85197
1093,RSM3535,1.07027
1094,RSM2895,1.26833
1095,RSM2014,1.26056
1096,RSM4058,0.837557
1097,RSM1579,1.73281
1098,RSM0056,0.960972
1099,RSM1341,1.31548
1100,RSM2478,1.15135
1101,RSM1273,1.7639
1102,RSM4356,2.03717
1103,RSM0893,1.21476
1104,RSM2699,1.08625
1105,RSM3633,2.34537
1106,RSM1304,2.41118
1107,RSM2365,1.22719
1108,RSM2992,1.99409
1109,RSM3817,2.42613
1110,RSM1204,0.998118
1111,RSM2476,1.11862
1112,RSM1473,1.52899
1113,RSM2298,0.763913
1114,RSM0761,0.68014
1115,RSM4002,1.03525
1116,RSM0972,1.1858
1117,RSM3733,1.12414
1118,RSM3152,1.17725
1119,RSM3452,1.39512
1120,RSM0559,0.83538
1121,RSM0773,1.55228
1122,RSM3292,1.23296
1123,RSM1618,1.58344
1124,RSM4375,1.2581
1125,RSM4491,0.867231
1126,RSM0042,2.7228
1127,RSM4421,0.578231
1128,RSM3017,0.828518
1129,RSM2560,1.05942
1130,RSM2290,1.23864
1131,RSM0270,1.95219
1132,RSM3950,0.861706
1133,RSM2479,2.08913
1134,RSM3251,1.2543
1135,RSM4508,1.25465
1136,RSM2079,1.18146
1137,RSM0755,1.40126
1138,RSM0106,3.4693
1139,RSM1402,0.68292
1140,RSM4444,2.00666
1141,RSM0354,1.60077
1142,RSM1448,1.43381
1143,RSM4264,1.29908
1144,RSM0511,2.09215
1145,RSM0851,0.807308
1146,RSM4023,1.38654
1147,RSM1797,1.3293
1148,RSM0694,1.04796
1149,RSM1857,1.13466
1150,RSM0835,1.8488
1151,RSM3768,0.820044
1152,RSM3574,1.43349
1153,RSM2538,1.59538
1154,RSM3008,0.933346
1155,RSM0568,1.61396
1156,RSM4127,0.588747
1157,RSM3660,0.731663
1158,RSM4178,0.785437
1159,RSM0407,1.65923
1160,RSM4185,0.658241
1161,RSM3455,1.16823
1162,RSM2121,0.775201
1163,RSM3126,1.15573
1164,RSM2853,1.48073
1165,RSM0229,1.40474
1166,RSM2861,1.21467
1167,RSM1867,0.884413
1168,RSM1065,1.20479
1169,RSM2350,0.968171
1170,RSM1609,1.60632
1171,RSM0085,2.48258
1172,RSM4038,0.867227
1173,RSM3081,1.43173
1174,RSM4412,0.994144
1175,RSM2154,1.18209
1176,RSM2477,0.998208
1177,RSM0431,1.17122
1178,RSM0651,1.7567
1179,RSM2904,1.46535
1180,RSM3192,1.70372
1181,RSM1225,0.985663
1182,RSM2297,0.7853
1183,RSM0753,1.41013
1184,RSM1721,1.59784
1185,RSM0606,1.50445
1186,RSM2250,1.84967
1187,RSM2291,1.11791
1188,RSM3969,1.13863
1189,RSM0904,1.34219
1190,RSM3823,1.35577
1191,RSM2346,1.29186
1192,RSM2202,1.13252
1193,RSM3609,1.05963
1194,RSM2848,1.42581
1195,RSM1764,0.864667
1196,RSM1859,0.777036
1197,RSM2241,1.39149
1198,RSM2894,0.914255
1199,RSM3814,0.892399
1200,RSM1066,1.33081
1201,RSM4083,0.525746
1202,RSM0644,1.50659
1203,RSM2386,1.20791
1204,RSM3280,0.827199
1205,RSM4170,1.30692
1206,RSM0750,0.910437
1207,RSM1362,2.09157
1208,RSM1580,1.49252
1209,RSM0583,1.81011
1210,RSM4357,0.990549
1211,RSM0658,1.53034
1212,RSM1248,1.91781
1213,RSM0832,2.08076
1214,RSM1726,1.32026
1215,RSM3363,0.963763
1216,RSM1166,1.20788
1217,RSM3036,1.13782
1218,RSM1107,0.694931
1219,RSM4158,0.800083
1220,RSM0848,1.67687
1221,RSM0892,1.18393
1222,RSM2235,1.56968
1223,RSM3400,1.22077
1224,RSM1510,1.29372
1225,RSM2321,1.52989
1226,RSM3481,1.34777
1227,RSM0565,0.524785
1228,RSM1163,1.56043
1229,RSM3410,0.8734
1230,RSM2077,0.995518
1231,RSM1420,1.32313
1232,RSM2493,1.88651
1233,RSM0796,1.36937
1234,RSM1889,1.15356
1235,RSM3736,1.00873
1236,RSM0913,1.6104
1237,RSM0093,1.11273
1238,RSM0617,1.58133
1239,RSM3743,0.880325
1240,RSM2891,1.62111
1241,RSM2979,0.836498
1242,RSM0523,2.47845
1243,RSM3975,0.579506
1244,RSM1822,1.5389
1245,RSM0075,1.42828
1246,RSM1339,1.36716
1247,RSM1243,1.68945
1248,RSM3929,0.513415
1249,RSM1031,0.983161
1250,RSM3189,1.00794
1251,RSM0113,1.5503
1252,RSM0572,1.33018
1253,RSM0383,1.24502
1254,RSM1812,1.68898
1255,RSM2491,1.49344
1256,RSM3366,1.20179
1257,RSM0556,1.17023
1258,RSM1150,1.64392
1259,RSM2030,1.38127
1260,RSM2501,1.37249
1261,RSM0405,3.62437
1262,RSM0306,1.76881
1263,RSM4430,0.975831
1264,RSM3793,1.05737
1265,RSM1783,1.18928
1266,RSM3372,1.14605
1267,RSM4212,1.27047
1268,RSM3775,1.19483
1269,RSM0164,1.42445
1270,RSM1320,1.13078
1271,RSM3406,1.43354
1272,RSM0360,0.34451
1273,RSM3497,1.07346
1274,RSM3220,0.812832
1275,RSM3689,1.76657
1276,RSM3058,1.16685
1277,RSM0141,1.63207
1278,RSM3545,0.718003
1279,RSM4306,0.606644
1280,RSM0937,1.49715
1281,RSM3586,1.22161
1282,RSM1848,0.651622
1283,RSM1388,0.636965
1284,RSM0299,1.18607
1285,RSM0619,1.02869
1286,RSM4197,1.95242
1287,RSM0154,2.08636
1288,RSM1546,1.06539
1289,RSM3188,1.25668
1290,RSM3451,1.43713
1291,RSM0499,1.9063
1292,RSM4440,1.01529
1293,RSM0363,1.43093
1294,RSM1891,0.778087
1295,RSM3090,1.26688
1296,RSM1509,1.26877
1297,RSM3037,1.79799
1298,RSM2364,1.12894
1299,RSM0366,0.52826
1300,RSM4225,0.912376
1301,RSM0052,2.21623
1302,RSM1670,1.12608
1303,RSM1272,1.78711
1304,RSM0287,1.04542
1305,RSM2497,1.89301
1306,RSM3838,0.791714
1307,RSM3714,0.795076
1308,RSM2108,1.70511
1309,RSM0357,1.47258
1310,RSM1180,1.05489
1311,RSM2738,1.17904
1312,RSM4199,1.91923
1313,RSM0885,1.55474
1314,RSM1352,0.742097
1315,RSM0108,1.50726
1316,RSM2707,0.591989
1317,RSM3019,0.807942
1318,RSM2983,1.43217
1319,RSM2186,0.718882
1320,RSM3726,0.69089
1321,RSM0737,1.4429
1322,RSM1839,2.24427
1323,RSM0804,1.43636
1324,RSM0742,1.56649
1325,RSM1956,0.664071
1326,RSM4107,0.429769
1327,RSM3226,0.843445
1328,RSM0817,4.30791
1329,RSM4125,0.472889
1330,RSM2945,1.36866
1331,RSM3938,1.17978
1332,RSM3065,1.12858
1333,RSM3812,1.49527
1334,RSM1353,1.40272
1335,RSM4456,1.40189
1336,RSM3934,0.589065
1337,RSM4321,1.36725
1338,RSM3916,0.969598
1339,RSM3795,1.48924
1340,RSM2655,1.29252
1341,RSM0327,1.88652
1342,RSM3210,1.0306
1343,RSM2060,1.45163
1344,RSM0900,1.61446
1345,RSM4367,0.320491
1346,RSM1667,1.21144
1347,RSM0178,1.51462
1348,RSM4216,1.32901
1349,RSM3873,0.988121
1350,RSM4337,0.568916
1351,RSM3253,1.36021
1352,RSM0760,1.12696
1353,RSM2401,1.23143
1354,RSM2308,0.834931
1355,RSM2333,1.69
1356,RSM0337,1.21341
1357,RSM1854,1.72135
1358,RSM0580,2.01677
1359,RSM3334,0.804541
1360,RSM3948,0.995228
1361,RSM2157,1.74465
1362,RSM0003,2.20625
1363,RSM3064,1.23962
1364,RSM2785,1.09663
1365,RSM3026,0.980518
1366,RSM1837,1.93575
1367,RSM0830,1.09695
1368,RSM3965,1.00121
1369,RSM2355,0.785608
1370,RSM4333,1.2548
1371,RSM3760,1.11922
1372,RSM2460,1.49318
1373,RSM0494,1.09284
1374,RSM2428,1.2457
1375,RSM2199,2.00344
1376,RSM2382,1.61989
1377,RSM3766,0.711648
1378,RSM0810,1.41624
1379,RSM3082,0.655685
1380,RSM3623,1.68267
1381,RSM0312,1.63429
1382,RSM1461,1.4995
1383,RSM2316,1.26992
1384,RSM2065,0.792714
1385,RSM0671,1.30587
1386,RSM0143,1.96154
1387,RSM0883,1.6221
1388,RSM3958,1.48571
1389,RSM1117,1.17088
1390,RSM4080,1.05596
1391,RSM2398,1.83918
1392,RSM0061,1.55049
1393,RSM1708,2.00735
1394,RSM2441,1.81869
1395,RSM2230,1.4776
1396,RSM0078,1.6508
1397,RSM1568,1.13783
1398,RSM2564,0.403114
1399,RSM4075,0.240107
1400,RSM3211,1.05045
1401,RSM2679,2.38987
1402,RSM1605,1.05215
1403,RSM2188,1.51865
1404,RSM4072,1.21763
1405,RSM0040,1.12656
1406,RSM0133,1.59896
1407,RSM1331,1.22745
1408,RSM2164,1.62194
1409,RSM2985,1.01561
1410,RSM3815,2.41177
1411,RSM3087,1.60588
1412,RSM1934,1.29697
1413,RSM1744,1.58943
1414,RSM2799,1.21633
1415,RSM2960,1.50599
1416,RSM3533,0.670193
1417,RSM1175,2.11131
1418,RSM3056,1.40445
1419,RSM2359,0.829499
1420,RSM0388,2.21654
1421,RSM2952,1.192
1422,RSM2503,1.11608
1423,RSM1018,0.595025
1424,RSM0685,1.80744
1425,RSM0481,1.36091
1426,RSM1092,1.08525
1427,RSM4587,1.57276
1428,RSM4054,1.323
1429,RSM3453,0.680687
1430,RSM2831,0.987366
1431,RSM0328,1.47798
1432,RSM1668,1.34611
1433,RSM4309,0.602775
1434,RSM0666,1.83815
1435,RSM0338,2.47114
1436,RSM3572,1.24316
1437,RSM0086,1.05817
1438,RSM1041,1.24098
1439,RSM1209,1.03155
1440,RSM3833,0.665923
1441,RSM3214,1.22327
1442,RSM3673,1.34057
1443,RSM4305,1.70361
1444,RSM2041,0.838187
1445,RSM3645,1.43921
1446,RSM3970,0.972276
1447,RSM0344,1.60855
1448,RSM2789,0.764398
1449,RSM0174,0.888449
1450,RSM3513,1.46687
1451,RSM2920,1.27832
1452,RSM1186,1.04533
1453,RSM1062,2.04818
1454,RSM2752,1.28468
1455,RSM2349,0.734017
1456,RSM3235,1.02613
1457,RSM3068,1.42463
1458,RSM1183,1.58079
1459,RSM1704,1.61062
1460,RSM1055,1.14842
1461,RSM4490,0.474693
1462,RSM2845,1.31464
1463,RSM1657,1.24836
1464,RSM1982,1.16165
1465,RSM1770,0.944168
1466,RSM1017,0.686926
1467,RSM3709,1.37894
1468,RSM1040,2.14517
1469,RSM4123,1.17362
1470,RSM2323,1.37325
1471,RSM0890,1.83587
1472,RSM3601,1.32658
1473,RSM2850,1.08154
1474,RSM4187,1.43497
1475,RSM0249,1.69339
1476,RSM2016,0.552711
1477,RSM4458,0.59141
1478,RSM2622,1.45419
1479,RSM2008,1.35106
1480,RSM3695,1.45353
1481,RSM0999,1.37399
1482,RSM0917,0.635573
1483,RSM4468,0.237914
1484,RSM3092,1.22173
1485,RSM2764,1.7223
1486,RSM0776,1.00018
1487,RSM0198,1.66698
1488,RSM3895,0.646011
1489,RSM3892,0.71266
1490,RSM2473,0.834656
1491,RSM0618,1.56034
1492,RSM1108,1.33584
1493,RSM2170,1.29269
1494,RSM0404,0.79725
1495,RSM2980,1.25844
1496,RSM2128,1.40235
1497,RSM3747,0.730869
1498,RSM3020,0.706607
1499,RSM4513,0.885453
1500,RSM1015,1.39259
1501,RSM3337,0.27716
1502,RSM4100,1.43418
1503,RSM4040,0.362983
1504,RSM0150,1.81524
1505,RSM2777,1.92281
1506,RSM3442,1.44539
1507,RSM1135,1.49086
1508,RSM1005,1.27152
1509,RSM3550,1.45396
1510,RSM0889,0.708985
1511,RSM1003,1.43202
1512,RSM2641,1.31488
1513,RSM4311,0.57329
1514,RSM1052,1.41897
1515,RSM1625,1.3994
1516,RSM3023,0.9285
1517,RSM2713,1.23619
1518,RSM0247,1.29179
1519,RSM0545,1.4885
1520,RSM1344,0.927679
1521,RSM4181,1.33406
1522,RSM3274,1.20154
1523,RSM3684,1.92452
1524,RSM1474,1.4108
1525,RSM2751,1.54454
1526,RSM3547,1.04771
1527,RSM1145,0.599115
1528,RSM3167,1.57683
1529,RSM4302,1.76999
1530,RSM1921,0.876357
1531,RSM0539,1.38806
1532,RSM3171,0.787527
1533,RSM3473,1.36903
1534,RSM2348,1.00831
1535,RSM1972,1.72571
1536,RSM2518,1.35072
1537,RSM2644,1.64976
1538,RSM0779,1.61722
1539,RSM0977,1.16884
1540,RSM4364,1.11182
1541,RSM1387,1.05372
1542,RSM4379,1.19299
1543,RSM1569,0.839623
1544,RSM4287,0.746073
1545,RSM1712,0.914118
1546,RSM0543,1.21805
1547,RSM3728,0.976675
1548,RSM1517,1.20591
1549,RSM3266,1.35074
1550,RSM0676,1.84632
1551,RSM0846,1.11275
1552,RSM0792,1.14737
1553,RSM2158,1.62075
1554,RSM0677,3.24169
1555,RSM1232,1.19709
1556,RSM0815,1.25111
1557,RSM1367,1.60517
1558,RSM1790,0.556185
1559,RSM2089,1.28134
1560,RSM0109,1.9277
1561,RSM0597,1.27129
1562,RSM1146,1.27225
1563,RSM2396,1.39144
1564,RSM3647,0.685371
1565,RSM0938,1.90234
1566,RSM0211,2.80972
1567,RSM2506,2.44469
1568,RSM0456,1.05094
1569,RSM1878,1.96851
1570,RSM4092,1.24574
1571,RSM3745,1.28089
1572,RSM3876,1.28634
1573,RSM0241,1.1929
1574,RSM1380,1.17457
1575,RSM0189,1.72866
1576,RSM1658,1.67939
1577,RSM0019,1.60571
1578,RSM2044,0.765399
1579,RSM2038,0.544526
1580,RSM2045,1.33406
1581,RSM2465,0.902835
1582,RSM2576,1.61401
1583,RSM2656,1.06571
1584,RSM3150,1.26861
1585,RSM4151,0.796165
1586,RSM0104,1.2186
1587,RSM0787,1.3023
1588,RSM2876,1.23732
1589,RSM3918,1.30061
1590,RSM1298,1.63979
1591,RSM1988,1.38198
1592,RSM3478,0.847014
1593,RSM2032,1.08401
1594,RSM3626,1.32981
1595,RSM0894,1.65954
1596,RSM1389,1.61367
1597,RSM0634,1.34823
1598,RSM0072,1.54789
1599,RSM1577,1.57592
1600,RSM0340,1.68813
1601,RSM2067,0.80216
1602,RSM2870,1.10217
1603,RSM1332,1.52111
1604,RSM1563,2.06991
1605,RSM3232,1.37563
1606,RSM2949,1.53198
1607,RSM1614,1.38543
1608,RSM0454,1.94376
1609,RSM1279,1.1289
1610,RSM4427,1.05784
1611,RSM4006,1.29337
1612,RSM1340,0.80301
1613,RSM0139,1.93505
1614,RSM0828,0.54091
1615,RSM0335,1.49429
1616,RSM4193,0.950691
1617,RSM1968,0.979251
1618,RSM3282,1.18043
1619,RSM2837,0.936166
1620,RSM4602,0.73242
1621,RSM3913,1.0407
1622,RSM0326,1.55139
1623,RSM4570,1.03622
1624,RSM4162,1.12142
1625,RSM0138,1.65398
1626,RSM1733,1.89108
1627,RSM4136,1.26885
1628,RSM0145,0.965581
1629,RSM2274,1.06707
1630,RSM0622,1.61736
1631,RSM4163,1.06834
1632,RSM2010,1.5615
1633,RSM3493,1.35923
1634,RSM3964,1.094
1635,RSM3312,1.41681
1636,RSM0843,0.347396
1637,RSM0554,1.45902
1638,RSM1129,0.495176
1639,RSM2625,1.07733
1640,RSM1267,1.41668
1641,RSM1702,1.02566
1642,RSM0905,1.23072
1643,RSM1364,1.15975
1644,RSM2609,1.83234
1645,RSM2810,0.767331
1646,RSM1191,1.38992
1647,RSM0177,1.41791
1648,RSM2986,1.03774
1649,RSM0888,1.87081
1650,RSM4607,0.441074
1651,RSM0590,1.75689
1652,RSM2080,1.2511
1653,RSM2210,0.636821
1654,RSM0384,1.6742
1655,RSM0161,2.95946
1656,RSM2268,1.47213
1657,RSM1342,1.26798
1658,RSM2919,0.788886
1659,RSM4231,0.896858
1660,RSM0788,1.72026
1661,RSM2610,2.03736
1662,RSM0854,1.56983
1663,RSM3094,1.29641
1664,RSM1853,1.61865
1665,RSM3847,0.340165
1666,RSM1361,1.95116
1667,RSM3466,1.02896
1668,RSM2588,1.42687
1669,RSM2618,0.804676
1670,RSM2852,1.34603
1671,RSM0535,1.01198
1672,RSM1236,1.61356
1673,RSM0513,1.33176
1674,RSM1407,0.771724
1675,RSM4592,0.862912
1676,RSM3054,1.25688
1677,RSM2200,1.04751
1678,RSM0129,1.1108
1679,RSM2167,1.58616
1680,RSM3183,1.9071
1681,RSM1216,1.20867
1682,RSM1558,1.02218
1683,RSM0717,1.78582
1684,RSM0439,1.83746
1685,RSM3234,0.947974
1686,RSM3141,1.31002
1687,RSM1464,1.37389
1688,RSM0579,1.44221
1689,RSM3850,1.08067
1690,RSM0491,1.69173
1691,RSM1590,1.25445
1692,RSM3128,0.337955
1693,RSM0783,1.10153
1694,RSM3516,0.701255
1695,RSM2455,0.811277
1696,RSM2474,1.02581
1697,RSM1807,1.61253
1698,RSM0660,1.24914
1699,RSM1268,1.98362
1700,RSM4167,1.57082
1701,RSM0275,1.10709
1702,RSM2373,0.759752
1703,RSM2087,1.19603
1704,RSM0781,1.17536
1705,RSM0024,2.33429
1706,RSM2816,1.04038
1707,RSM1271,1.5797
1708,RSM1101,1.96524
1709,RSM2082,1.25271
1710,RSM1900,1.10933
1711,RSM2523,1.08356
1712,RSM0877,1.43455
1713,RSM0414,1.898
1714,RSM4267,0.911627
1715,RSM0030,1.88076
1716,RSM0751,1.45959
1717,RSM3819,1.38487
1718,RSM0447,1.63789
1719,RSM2817,1.81097
1720,RSM3421,1.96241
1721,RSM3423,1.13139
1722,RSM3140,1.52013
1723,RSM1188,0.948258
1724,RSM4582,0.688872
1725,RSM2605,2.22587
1726,RSM1650,1.59868
1727,RSM1872,1.10627
1728,RSM1467,0.694902
1729,RSM3209,1.24812
1730,RSM1394,1.8932
1731,RSM2101,1.35675
1732,RSM0488,0.929865
1733,RSM1750,1.14418
1734,RSM1250,0.902625
1735,RSM1814,1.71834
1736,RSM3842,1.26603
1737,RSM0530,1.28791
1738,RSM4519,0.737153
1739,RSM2358,0.601816
1740,RSM3920,0.956095
1741,RSM0482,1.9978
1742,RSM1217,0.762973
1743,RSM1207,1.2062
1744,RSM0353,1.94271
1745,RSM1019,0.968202
1746,RSM2492,0.61484
1747,RSM3134,0.494119
1748,RSM1523,1.14424
1749,RSM2270,1.30418
1750,RSM1544,1.08388
1751,RSM1046,1.07338
1752,RSM1317,1.35174
1753,RSM0566,2.00838
1754,RSM2780,1.4603
1755,RSM2507,1.48062
1756,RSM4399,0.909582
1757,RSM0204,1.29901
1758,RSM0955,1.01727
1759,RSM0919,1.72007
1760,RSM3502,0.364224
1761,RSM2248,1.70049
1762,RSM1229,1.14275
1763,RSM3124,1.17874
1764,RSM2923,0.637809
1765,RSM0303,0.968483
1766,RSM2792,1.72095
1767,RSM2286,1.22461
1768,RSM2626,1.3104
1769,RSM2376,0.775255
1770,RSM3558,1.58047
1771,RSM0464,1.19925
1772,RSM3051,0.876831
1773,RSM3294,1.09938
1774,RSM0632,2.28917
1775,RSM2753,0.735792
1776,RSM1681,1.12618
1777,RSM0097,1.45393
1778,RSM2009,1.33872
1779,RSM4228,0.837514
1780,RSM4527,0.865274
1781,RSM2236,2.05876
1782,RSM0897,0.391197
1783,RSM2722,1.21993
1784,RSM1795,1.18641
1785,RSM2380,1.49296
1786,RSM2637,2.43929
1787,RSM3415,1.61532
1788,RSM1484,0.815971
1789,RSM1424,0.835695
1790,RSM4405,0.722194
1791,RSM1218,1.62569
1792,RSM2438,1.0177
1793,RSM4074,0.910957
1794,RSM2680,1.39923
1795,RSM2921,2.34692
1796,RSM0529,1.80723
1797,RSM1289,1.99451
1798,RSM0304,1.38626
1799,RSM3863,1.23731
1800,RSM2500,1.69894
1801,RSM3487,1.00269
1802,RSM2069,0.860126
1803,RSM0205,1.59986
1804,RSM0373,1.49925
1805,RSM2085,1.18653
1806,RSM3985,1.05298
1807,RSM0976,1.04796
1808,RSM1504,1.49708
1809,RSM3898,1.41335
1810,RSM2629,1.92526
1811,RSM1901,1.65297
1812,RSM4385,1.26959
1813,RSM1208,1.48174
1814,RSM2362,0.476106
1815,RSM3397,1.26233
1816,RSM1557,1.235
1817,RSM4514,0.873335
1818,RSM3061,1.45641
1819,RSM1071,1.17041
1820,RSM2425,1.89011
1821,RSM0197,1.3212
1822,RSM1888,1.61961
1823,RSM0850,1.41619
1824,RSM0855,1.09608
1825,RSM2223,1.48783
1826,RSM0861,1.69842
1827,RSM2203,1.42722
1828,RSM0423,1.13655
1829,RSM3254,1.56667
1830,RSM0039,2.19115
1831,RSM2361,0.504138
1832,RSM3098,1.22611
1833,RSM1259,0.794666
1834,RSM0594,1.67444
1835,RSM3582,1.1166
1836,RSM1664,2.15574
1837,RSM0740,1.16932
1838,RSM1999,1.3861
1839,RSM4615,1.25446
1840,RSM2289,1.13462
1841,RSM3468,1.32418
1842,RSM3494,1.73183
1843,RSM3530,1.89289
1844,RSM1277,1.11361
1845,RSM2328,1.65073
1846,RSM4524,1.12266
1847,RSM0961,0.602846
1848,RSM1789,1.09054
1849,RSM4488,0.863172
1850,RSM2758,1.04891
1851,RSM1128,1.79013
1852,RSM1852,1.56155
1853,RSM2182,1.18213
1854,RSM2842,1.52737
1855,RSM2740,1.42121
1856,RSM0648,0.925233
1857,RSM2938,1.22384
1858,RSM0329,1.51179
1859,RSM1406,1.5433
1860,RSM1343,1.54647
1861,RSM3043,0.333565
1862,RSM2169,1.45511
1863,RSM3665,1.08423
1864,RSM3034,1.59391
1865,RSM0657,1.54067
1866,RSM2390,1.27989
1867,RSM2366,1.1649
1868,RSM0378,1.1906
1869,RSM2742,1.20454
1870,RSM3949,1.23757
1871,RSM1751,1.69865
1872,RSM2669,0.935007
1873,RSM0167,1.84895
1874,RSM3191,1.4136
1875,RSM0814,1.15781
1876,RSM0049,2.93195
1877,RSM0124,2.29193
1878,RSM0310,1.60332
1879,RSM0661,1.80602
1880,RSM3872,1.69689
1881,RSM1080,1.64523
1882,RSM4085,0.914394
1883,RSM3667,1.32527
1884,RSM1828,2.07784
1885,RSM2166,2.04875
1886,RSM1619,1.52306
1887,RSM0467,1.442
1888,RSM3148,1.37986
1889,RSM3905,1.39475
1890,RSM2748,1.25286
1891,RSM1451,1.91077
1892,RSM1688,1.96451
1893,RSM4353,0.982201
1894,RSM4204,0.519408
1895,RSM4402,1.52965
1896,RSM2414,0.798286
1897,RSM3063,1.43704
1898,RSM1149,1.83622
1899,RSM1211,1.59137
1900,RSM1729,1.11075
1901,RSM1829,1.19038
1902,RSM3434,1.15756
1903,RSM0283,1.7595
1904,RSM2981,1.05015
1905,RSM3699,1.05188
1906,RSM2554,1.00367
1907,RSM4436,0.650263
1908,RSM0865,1.5054
1909,RSM0425,1.67612
1910,RSM4133,1.1102
1911,RSM3534,5.06224
1912,RSM2442,1.49806
1913,RSM4053,1.63881
1914,RSM1663,1.21224
1915,RSM4576,0.492194
1916,RSM2281,1.07879
1917,RSM3694,1.31032
1918,RSM2356,1.50221
1919,RSM0540,1.09949
1920,RSM4448,0.439412
1921,RSM0331,2.04723
1922,RSM2589,1.87421
1923,RSM1793,1.50193
1924,RSM2302,1.47532
1925,RSM0944,1.08509
1926,RSM0064,1.16508
1927,RSM0664,1.59049
1928,RSM1692,0.901544
1929,RSM3548,0.697766
1930,RSM1528,0.933232
1931,RSM2930,1.17452
1932,RSM0424,1.35983
1933,RSM2646,1.18708
1934,RSM0236,0.884103
1935,RSM4340,0.829741
1936,RSM1251,1.25639
1937,RSM1359,1.84993
1938,RSM4507,0.509047
1939,RSM1873,0.881207
1940,RSM0585,1.4544
1941,RSM3354,1.30643
1942,RSM3864,1.32376
1943,RSM1799,1.00224
1944,RSM1833,1.33853
1945,RSM3769,1.09591
1946,RSM4195,1.109
1947,RSM2021,0.892431
1948,RSM0435,1.57734
1949,RSM2502,1.62653
1950,RSM1397,1.74681
1951,RSM3168,1.21224
1952,RSM4347,0.433508
1953,RSM2675,1.29136
1954,RSM3369,2.17932
1955,RSM3277,1.32076
1956,RSM0200,1.77612
1957,RSM1870,2.17024
1958,RSM1630,1.76581
1959,RSM2887,0.971768
1960,RSM1023,1.46212
1961,RSM2711,1.14989
1962,RSM1029,1.27506
1963,RSM1021,1.68105
1964,RSM0823,2.15055
1965,RSM0206,1.36151
1966,RSM1064,1.14598
1967,RSM4610,0.787114
1968,RSM3921,1.66794
1969,RSM1265,1.86636
1970,RSM4359,1.24722
1971,RSM0250,1.2887
1972,RSM0155,1.572
1973,RSM2027,1.45011
1974,RSM0486,2.88416
1975,RSM2768,1.24367
1976,RSM2529,1.94884
1977,RSM0080,1.2764
1978,RSM1731,1.40208
1979,RSM1231,1.24651
1980,RSM1686,2.30212
1981,RSM3848,0.884871
1982,RSM0322,1.55474
1983,RSM2004,1.94134
1984,RSM3483,0.802269
1985,RSM3005,2.27101
1986,RSM1932,0.941983
1987,RSM1970,0.356709
1988,RSM1723,1.68923
1989,RSM1745,4.48509
1990,RSM3720,1.31886
1991,RSM0915,2.05809
1992,RSM0418,1.53605
1993,RSM3324,1.3781
1994,RSM4298,1.83199
1995,RSM2019,1.66184
1996,RSM2732,1.34181
1997,RSM0466,1.2014
1998,RSM0182,1.14333
1999,RSM4030,0.652584
2000,RSM2835,1.13176
2001,RSM1471,1.30724
2002,RSM0237,1.16262
2003,RSM1755,1.28943
2004,RSM3125,1.21988
2005,RSM1192,0.540837
2006,RSM3238,1.28761
2007,RSM2562,2.15907
2008,RSM3765,1.30088
2009,RSM3344,1.46742
2010,RSM1527,1.91552
2011,RSM2612,1.37839
2012,RSM2869,1.65319
2013,RSM0242,1.34333
2014,RSM3980,1.16584
2015,RSM0473,1.11541
2016,RSM0258,2.00754
2017,RSM4372,1.2238
2018,RSM3598,0.773755
2019,RSM4319,0.680962
2020,RSM0649,2.42815
2021,RSM0803,1.23536
2022,RSM0471,2.45148
2023,RSM2351,1.56342
2024,RSM1347,1.35228
2025,RSM4613,1.03155
2026,RSM4263,1.31307
2027,RSM0496,1.55102
2028,RSM1294,0.940321
2029,RSM0950,1.56683
2030,RSM0195,1.3916
2031,RSM3862,1.29825
2032,RSM2581,1.42936
2033,RSM4589,0.547402
2034,RSM0455,1.2487
2035,RSM1631,1.08952
2036,RSM4591,0.869601
2037,RSM3826,1.21454
2038,RSM0437,1.29153
2039,RSM2807,0.879401
2040,RSM4046,2.07798
2041,RSM3217,1.67161
2042,RSM1761,1.30394
2043,RSM4194,1.40984
2044,RSM0470,2.80094
2045,RSM0687,1.47491
2046,RSM2147,1.47765
2047,RSM1327,1.16754
2048,RSM4087,1.45354
2049,RSM4045,0.875066
2050,RSM1330,1.93459
2051,RSM2522,1.81544
2052,RSM1125,1.04288
2053,RSM1035,1.50119
2054,RSM3901,1.90959
2055,RSM1532,1.11243
2056,RSM4342,0.6842
2057,RSM0969,1.11597
2058,RSM0968,1.55712
2059,RSM4068,0.869295
2060,RSM3931,0.663203
2061,RSM3779,1.27448
2062,RSM0563,1.56335
2063,RSM3968,1.2757
2064,RSM2767,1.28654
2065,RSM0721,1.94596
2066,RSM3801,1.35541
2067,RSM4149,1.36853
2068,RSM1120,0.574543
2069,RSM0605,1.15319
2070,RSM3118,0.883157
2071,RSM3963,1.56083
2072,RSM1922,2.06135
2073,RSM2521,1.33938
2074,RSM2031,2.42438
2075,RSM2794,1.5159
2076,RSM1600,1.54705
2077,RSM1383,1.5306
2078,RSM4509,1.34652
2079,RSM0766,1.21527
2080,RSM1212,1.12603
2081,RSM0574,1.14188
2082,RSM0798,1.22295
2083,RSM0534,1.49948
2084,RSM2385,1.58157
2085,RSM2712,1.73093
2086,RSM1869,1.22038
2087,RSM0697,2.09942
2088,RSM0077,1.12902
2089,RSM4415,0.605259
2090,RSM1983,1.1782
2091,RSM0504,0.968496
2092,RSM3184,1.31312
2093,RSM1660,1.2413
2094,RSM3029,1.29475
2095,RSM3164,1.28518
2096,RSM3861,1.28245
2097,RSM1158,1.79211
2098,RSM0910,2.04861
2099,RSM4414,1.98979
2100,RSM0690,1.83098
2101,RSM2719,2.15198
2102,RSM0621,1.27612
2103,RSM4314,1.23129
2104,RSM3205,1.3978
2105,RSM2883,0.758963
2106,RSM2419,1.60879
2107,RSM3546,1.12346
2108,RSM0650,0.890168
2109,RSM3989,0.334507
2110,RSM4464,0.845457
2111,RSM1151,1.02767
2112,RSM0142,2.01025
2113,RSM3097,0.84879
2114,RSM4310,1.78812
2115,RSM4411,0.714051
2116,RSM0015,1.64606
2117,RSM4179,1.04172
2118,RSM1512,1.05326
2119,RSM4295,0.903682
2120,RSM0004,2.40613
2121,RSM0818,1.87613
2122,RSM0318,1.99427
2123,RSM1485,1.22754
2124,RSM1967,1.39596
2125,RSM3402,0.985726
2126,RSM0951,1.55068
2127,RSM4425,1.04065
2128,RSM3496,1.31642
2129,RSM1832,1.09065
2130,RSM1008,1.69814
2131,RSM0065,2.41487
2132,RSM1477,0.881537
2133,RSM3723,1.02716
2134,RSM0210,1.74593
2135,RSM2208,1.16479
2136,RSM3557,1.50223
2137,RSM0110,1.62885
2138,RSM4026,1.44609
2139,RSM0963,0.55847
2140,RSM0500,1.10347
2141,RSM2901,1.328
2142,RSM4419,0.745703
2143,RSM1286,1.55045
2144,RSM3373,0.920856
2145,RSM1409,1.71796
2146,RSM1386,0.910521
2147,RSM4055,0.728726
2148,RSM0044,1.24155
2149,RSM4441,0.604308
2150,RSM2830,1.53643
2151,RSM1293,0.839896
2152,RSM0679,1.91502
2153,RSM3348,0.637199
2154,RSM3544,0.764402
2155,RSM0324,1.49643
2156,RSM0549,2.08622
2157,RSM1050,0.764072
2158,RSM0501,1.61472
2159,RSM0239,1.83821
2160,RSM4160,1.10946
2161,RSM4062,0.691388
2162,RSM1769,1.89934
2163,RSM3542,0.725683
2164,RSM1381,1.37056
2165,RSM3095,1.35057
2166,RSM4452,1.18912
2167,RSM3347,0.641933
2168,RSM1141,1.26718
2169,RSM1438,1.21371
2170,RSM1542,1.66464
2171,RSM4578,0.468017
2172,RSM4082,0.599536
2173,RSM2579,1.4918
2174,RSM0469,1.7628
2175,RSM0465,1.70533
2176,RSM1738,0.509928
2177,RSM3507,1.3507
2178,RSM0816,1.83557
2179,RSM3393,1.64768
2180,RSM1781,0.757689
2181,RSM0159,1.22386
2182,RSM0562,1.28285
2183,RSM3717,0.99161
2184,RSM1676,1.79119
2185,RSM2744,1.20242
2186,RSM0218,1.64938
2187,RSM2825,1.53802
2188,RSM4219,1.24235
2189,RSM1611,1.24749
2190,RSM1338,1.08831
2191,RSM1895,0.77692
2192,RSM4258,1.40446
2193,RSM1024,1.03342
2194,RSM3831,1.18015
2195,RSM0276,1.2932
2196,RSM0273,1.28024
2197,RSM0171,2.35968
2198,RSM0374,1.69935
2199,RSM1913,1.6595
2200,RSM2091,0.599915
2201,RSM0713,0.912677
2202,RSM0551,3.387
2203,RSM1459,1.06767
2204,RSM0493,1.95279
2205,RSM0149,1.81418
2206,RSM1753,1.17741
2207,RSM1496,1.36937
2208,RSM0681,1.74375
2209,RSM1382,1.71712
2210,RSM1647,1.98025
2211,RSM0381,1.25548
2212,RSM4224,0.898109
2213,RSM0744,1.87881
2214,RSM0292,1.626
2215,RSM3606,0.653865
2216,RSM4560,0.557719
2217,RSM3409,0.829742
2218,RSM0502,1.47587
2219,RSM2717,1.63857
2220,RSM0399,1.63137
2221,RSM1706,1.63768
2222,RSM3245,1.40211
2223,RSM1914,1.72782
2224,RSM2700,1.33548
2225,RSM3654,0.805816
2226,RSM2565,1.17874
2227,RSM0309,1.72645
2228,RSM1173,1.42956
2229,RSM4384,1.78171
2230,RSM1823,1.17078
2231,RSM4241,0.655283
2232,RSM3818,0.994439
2233,RSM4338,1.22819
2234,RSM3858,0.888733
2235,RSM4150,0.924852
2236,RSM0996,1.68356
2237,RSM3486,1.22052
2238,RSM4548,1.55419
2239,RSM3957,1.33573
2240,RSM0105,2.29474
2241,RSM2467,1.2267
2242,RSM4056,1.4428
2243,RSM3824,1.15706
2244,RSM4470,1.28371
2245,RSM1426,1.31823
2246,RSM2524,0.977562
2247,RSM1693,1.19294
2248,RSM2324,1.05599
2249,RSM2177,1.47049
2250,RSM2195,1.57204
2251,RSM1093,1.96836
2252,RSM2464,0.764728
2253,RSM2109,1.20189
2254,RSM2975,1.20916
2255,RSM0582,1.07358
2256,RSM3012,0.966083
2257,RSM2561,1.36508
2258,RSM2142,1.33188
2259,RSM2034,1.52759
2260,RSM1283,1.57224
2261,RSM1962,1.83556
2262,RSM3117,1.47433
2263,RSM3108,1.10784
2264,RSM4381,0.582804
2265,RSM1826,1.34518
2266,RSM4539,0.675925
2267,RSM2666,1.17892
2268,RSM4174,1.47864
2269,RSM4349,0.900149
2270,RSM3536,1.04561
2271,RSM3555,0.949331
2272,RSM3207,1.82103
2273,RSM0984,0.848316
2274,RSM1640,1.08137
2275,RSM1850,1.26217
2276,RSM2648,1.07393
2277,RSM3074,1.17173
2278,RSM2139,1.44383
2279,RSM4315,1.34826
2280,RSM4336,1.17687
2281,RSM3700,1.15584
2282,RSM4457,1.07615
2283,RSM3050,1.35264
2284,RSM4563,1.02353
2285,RSM2996,1.7474
2286,RSM2854,0.962708
2287,RSM0410,1.35516
2288,RSM1991,0.634515
2289,RSM3339,0.861949
2290,RSM3820,1.14496
2291,RSM1301,1.38699
2292,RSM3107,0.867908
2293,RSM2262,1.08626
2294,RSM4378,0.426859
2295,RSM0092,1.69725
2296,RSM2542,1.2393
2297,RSM3751,0.474122
2298,RSM3083,1.23367
2299,RSM0313,1.39782
2300,RSM4451,1.08824
2301,RSM1264,1.38628
2302,RSM1777,1.41053
2303,RSM3133,1.18531
2304,RSM2160,1.35346
2305,RSM0209,1.07871
2306,RSM2547,1.62065
2307,RSM2696,1.57596
2308,RSM2882,1.58132
2309,RSM1346,1.64688
2310,RSM0710,1.41098
2311,RSM0790,1.25616
2312,RSM3062,0.95751
2313,RSM3042,1.7611
2314,RSM3575,1.79738
2315,RSM3330,0.73655
2316,RSM3267,0.500088
2317,RSM1700,2.15713
2318,RSM3519,0.546923
2319,RSM1858,1.21231
2320,RSM3632,0.751459
2321,RSM1742,1.39205
2322,RSM0831,1.72874
2323,RSM3301,1.5504
2324,RSM2140,1.14711
2325,RSM4328,1.09768
2326,RSM3596,1.4565
2327,RSM1716,0.689354
2328,RSM0011,1.67997
2329,RSM0874,0.887278
2330,RSM4044,0.757608
2331,RSM1106,1.95763
2332,RSM1195,1.12572
2333,RSM2370,0.774141
2334,RSM2354,1.11461
2335,RSM0965,2.84764
2336,RSM1690,1.21504
2337,RSM3617,1.07807
2338,RSM3256,1.06993
2339,RSM2363,0.745176
2340,RSM0438,2.48966
2341,RSM3016,0.921039
2342,RSM0112,1.3612
2343,RSM2778,1.49787
2344,RSM3470,1.21076
2345,RSM1308,1.9731
2346,RSM1582,1.71078
2347,RSM1882,1.40846
2348,RSM3849,1.07672
2349,RSM2423,1.91141
2350,RSM4354,0.568179
2351,RSM4557,0.467572
2352,RSM4260,1.23826
2353,RSM4070,2.07246
2354,RSM3630,0.756489
2355,RSM1090,1.53449
2356,RSM2536,1.32599
2357,RSM1503,1.6534
2358,RSM3927,0.495274
2359,RSM2552,0.77177
2360,RSM1960,1.85711
2361,RSM1421,0.952052
2362,RSM0284,0.624981
2363,RSM3084,1.51336
2364,RSM0635,2.14305
2365,RSM1329,1.43946
2366,RSM2037,0.842867
2367,RSM4484,0.613575
2368,RSM4116,1.40281
2369,RSM2267,1.80048
2370,RSM0957,1.4549
2371,RSM1284,1.62793
2372,RSM0724,1.66825
2373,RSM3490,0.819562
2374,RSM1695,2.11858
2375,RSM3272,1.25132
2376,RSM0219,0.983831
2377,RSM1886,1.21703
2378,RSM4365,0.414657
2379,RSM0980,1.08338
2380,RSM1413,1.6604
2381,RSM4363,1.00078
2382,RSM0986,1.62491
2383,RSM3070,1.48891
2384,RSM4060,0.744145
2385,RSM0997,1.42595
2386,RSM2374,1.53455
2387,RSM2962,0.942466
2388,RSM1374,1.92436
2389,RSM0979,1.39665
2390,RSM4052,0.956786
2391,RSM2998,1.37038
2392,RSM3762,1.47609
2393,RSM3829,1.28986
2394,RSM0805,1.89531
2395,RSM0571,1.74303
2396,RSM1910,1.70286
2397,RSM0837,1.56135
2398,RSM1157,1.32578
2399,RSM2389,1.89961
2400,RSM4400,0.890315
2401,RSM3383,1.78467
2402,RSM0762,1.27116
2403,RSM1133,2.14103
2404,RSM3549,1.16265
2405,RSM4168,0.689339
2406,RSM0433,1.41889
2407,RSM1274,1.95474
2408,RSM2765,1.18343
2409,RSM0971,1.29575
2410,RSM4506,0.934395
2411,RSM3788,0.623832
2412,RSM4371,0.662758
2413,RSM0641,2.02421
2414,RSM1785,0.821758
2415,RSM3971,1.01287
2416,RSM4383,0.831301
2417,RSM1840,1.12373
2418,RSM1697,1.88647
2419,RSM0752,0.491139
2420,RSM1844,1.44381
2421,RSM0853,1.28543
2422,RSM1868,2.24709
2423,RSM2277,0.994456
2424,RSM1575,1.64115
2425,RSM0458,1.62981
2426,RSM1711,1.03536
2427,RSM3316,1.42583
2428,RSM0631,1.62622
2429,RSM1153,0.927035
2430,RSM0544,1.22008
2431,RSM2050,1.53808
2432,RSM0947,0.898688
2433,RSM0478,1.48801
2434,RSM3311,1.72685
2435,RSM1132,1.5895
2436,RSM2532,2.06801
2437,RSM2601,1.57203
2438,RSM1292,0.946141
2439,RSM1521,1.63609
2440,RSM2184,1.44904
2441,RSM3628,1.32744
2442,RSM1160,1.30486
2443,RSM0081,1.12578
2444,RSM2312,1.24065
2445,RSM1396,2.44506
2446,RSM3247,1.0778
2447,RSM1030,1.65524
2448,RSM4492,0.420151
2449,RSM0700,1.21233
2450,RSM1230,0.995125
2451,RSM0136,1.82777
2452,RSM2929,0.845342
2453,RSM0857,1.49773
2454,RSM1136,1.21198
2455,RSM1765,1.20884
2456,RSM3991,1.26221
2457,RSM2893,1.6144
2458,RSM3331,0.97125
2459,RSM4037,1.28306
2460,RSM2509,1.29736
2461,RSM0096,1.62338
2462,RSM0181,1.3341
2463,RSM3003,1.12319
2464,RSM1161,1.21163
2465,RSM0975,1.22424
2466,RSM0646,1.09166
2467,RSM2977,0.873095
2468,RSM3059,2.51187
2469,RSM3763,1.064
2470,RSM1616,1.91511
2471,RSM2282,1.59109
2472,RSM1486,2.2416
2473,RSM3560,1.7266
2474,RSM4552,0.959914
2475,RSM1058,0.810269
2476,RSM4210,0.844085
2477,RSM2750,3.53659
2478,RSM3526,1.38599
2479,RSM3462,1.12595
2480,RSM2858,1.15405
2481,RSM0603,1.47539
2482,RSM1924,1.2234
2483,RSM0670,1.59086
2484,RSM4463,1.48176
2485,RSM1155,1.47675
2486,RSM4146,1.31449
2487,RSM1727,2.97035
2488,RSM1713,1.4642
2489,RSM3041,0.629753
2490,RSM2827,1.16492
2491,RSM0157,1.1862
2492,RSM0165,1.66352
2493,RSM1573,0.418462
2494,RSM1939,1.47293
2495,RSM2730,1.38634
2496,RSM1154,1.59853
2497,RSM3843,0.454659
2498,RSM1912,0.861725
2499,RSM0895,1.29539
2500,RSM3461,1.27261
2501,RSM2812,1.209
2502,RSM0441,2.75795
2503,RSM1241,1.09099
2504,RSM0538,1.1037
2505,RSM1728,1.43891
2506,RSM2084,1.45401
2507,RSM1060,0.692001
2508,RSM2729,1.34857
2509,RSM1099,1.91397
2510,RSM1821,1.08568
2511,RSM2653,1.24618
2512,RSM3101,1.27658
2513,RSM4255,0.822248
2514,RSM0879,2.21619
2515,RSM0216,1.54502
2516,RSM3180,1.11104
2517,RSM1213,1.10435
2518,RSM1838,0.717547
2519,RSM4362,0.678029
2520,RSM4485,0.483257
2521,RSM0020,1.25318
2522,RSM2261,1.65272
2523,RSM1525,1.41122
2524,RSM0362,1.92689
2525,RSM2974,0.97764
2526,RSM4584,1.04286
2527,RSM1392,1.77807
2528,RSM0841,1.93048
2529,RSM0639,0.925283
2530,RSM1418,1.39173
2531,RSM4561,0.759533
2532,RSM1270,1.58488
2533,RSM3244,1.31024
2534,RSM2824,1.2867
2535,RSM2185,1.39383
2536,RSM1541,1.69124
2537,RSM2839,0.826165
2538,RSM0199,2.32691
2539,RSM3014,0.876783
2540,RSM3568,1.78978
2541,RSM1768,1.92284
2542,RSM2572,1.41582
2543,RSM3909,0.852199
2544,RSM3399,0.952352
2545,RSM2453,0.404152
2546,RSM2047,0.728001
2547,RSM3554,0.673976
2548,RSM0802,1.81324
2549,RSM4005,0.980108
2550,RSM3116,1.11208
2551,RSM3889,0.524865
2552,RSM3615,0.436014
2553,RSM3539,1.16187
2554,RSM3121,1.4642
2555,RSM2573,1.36802
2556,RSM4322,1.08919
2557,RSM3193,1.48099
2558,RSM0550,1.51355
2559,RSM0607,1.96362
2560,RSM2214,1.4753
2561,RSM1357,1.04486
2562,RSM2759,0.864198
2563,RSM0782,1.15882
2564,RSM1427,1.00788
2565,RSM2126,1.69484
2566,RSM0073,1.71578
2567,RSM1601,1.79478
2568,RSM0674,1.29113
2569,RSM2879,1.1226
2570,RSM0118,1.65882
2571,RSM3784,0.91097
2572,RSM1556,1.85946
2573,RSM2115,1.23164
2574,RSM3897,0.700709
2575,RSM3604,1.4708
2576,RSM2811,0.569684
2577,RSM2987,0.921118
2578,RSM1061,1.09144
2579,RSM1734,1.10487
2580,RSM2331,0.751485
2581,RSM1654,1.68093
2582,RSM2340,2.03168
2583,RSM3269,1.44753
2584,RSM3722,1.42017
2585,RSM1297,1.46772
2586,RSM2445,1.03373
2587,RSM1295,2.28396
2588,RSM2508,1.70673
2589,RSM4303,0.689261
2590,RSM3024,1.07368
2591,RSM2728,1.11236
2592,RSM1148,1.84505
2593,RSM4586,0.944584
2594,RSM0100,0.723205
2595,RSM0686,1.30117
2596,RSM3224,1.81932
2597,RSM4554,0.799743
2598,RSM1813,1.20856
2599,RSM3355,0.641523
2600,RSM3581,1.40136
2601,RSM4110,1.46098
2602,RSM4098,1.48981
2603,RSM0176,1.65292
2604,RSM1576,1.70488
2605,RSM3616,1.65174
2606,RSM1984,0.56558
2607,RSM1971,1.96217
2608,RSM3785,1.19371
2609,RSM0264,1.21484
2610,RSM4192,1.55977
2611,RSM2052,1.30098
2612,RSM3073,1.23687
2613,RSM4550,0.573081
2614,RSM3590,1.00903
2615,RSM0553,2.04313
2616,RSM4526,0.366347
2617,RSM3246,1.2496
2618,RSM2702,1.13403
2619,RSM3345,0.856666
2620,RSM2801,1.22056
2621,RSM2846,1.58974
2622,RSM2258,1.46013
2623,RSM1519,1.37493
2624,RSM1724,1.20434
2625,RSM3306,1.24797
2626,RSM1894,1.07536
2627,RSM0349,1.5276
2628,RSM3376,1.01123
2629,RSM2681,1.1435
2630,RSM3725,0.681696
2631,RSM1172,1.49812
2632,RSM4567,0.947476
2633,RSM0638,1.48765
2634,RSM3500,1.15563
2635,RSM3450,0.899987
2636,RSM2007,1.56303
2637,RSM1887,0.858191
2638,RSM3983,0.967345
2639,RSM2106,1.87627
2640,RSM0386,1.58232
2641,RSM1227,1.46052
2642,RSM3591,0.80657
2643,RSM1500,1.70125
2644,RSM0146,1.79363
2645,RSM3680,1.56063
2646,RSM1350,0.852801
2647,RSM1197,0.528969
2648,RSM3013,0.988152
2649,RSM0371,1.82964
2650,RSM0462,2.15382
2651,RSM4577,0.779635
2652,RSM1709,1.26017
2653,RSM0428,1.69502
2654,RSM1552,1.56137
2655,RSM3531,1.28334
2656,RSM2788,1.32404
2657,RSM4089,0.944336
2658,RSM0970,1.49852
2659,RSM1449,2.04749
2660,RSM0509,2.6598
2661,RSM2070,1.15493
2662,RSM1242,1.04609
2663,RSM0587,1.89087
2664,RSM3540,1.05239
2665,RSM3886,1.3598
2666,RSM2475,0.801523
2667,RSM0948,1.23013
2668,RSM1993,1.32019
2669,RSM0518,2.12421
2670,RSM0390,2.28519
2671,RSM0277,1.53467
2672,RSM2136,1.61987
2673,RSM2838,0.722542
2674,RSM1969,1.10203
2675,RSM0942,1.5115
2676,RSM0729,1.64873
2677,RSM4108,1.0051
2678,RSM1202,1.83617
2679,RSM0348,0.914823
2680,RSM1479,1.92921
2681,RSM0691,1.16032
2682,RSM2735,1.76298
2683,RSM1379,0.942866
2684,RSM4285,0.921966
2685,RSM0870,1.68724
2686,RSM0457,1.70067
2687,RSM1719,1.96969
2688,RSM2514,1.45695
2689,RSM4434,0.638914
2690,RSM3438,1.64433
2691,RSM2806,1.53187
2692,RSM4130,0.825279
2693,RSM3170,1.22117
2694,RSM3035,0.969757
2695,RSM2117,1.68425
2696,RSM3510,1.16692
2697,RSM3437,0.788874
2698,RSM2829,1.51771
2699,RSM1648,1.52816
2700,RSM2204,1.29133
2701,RSM3625,1.4102
2702,RSM0163,1.61239
2703,RSM2843,1.20944
2704,RSM0169,1.46631
2705,RSM3049,1.51794
2706,RSM0602,1.30023
2707,RSM1414,1.2513
2708,RSM1615,1.06274
2709,RSM2159,1.13402
2710,RSM4536,1.28253
2711,RSM0339,1.93017
2712,RSM3158,1.11477
2713,RSM1775,1.3819
2714,RSM3532,2.03218
2715,RSM3263,1.32931
2716,RSM2353,1.23215
2717,RSM0461,1.70209
2718,RSM2649,1.15534
2719,RSM2624,1.3601
2720,RSM0114,1.49644
2721,RSM2303,0.574902
2722,RSM2388,0.945239
2723,RSM0221,1.47689
2724,RSM4109,1.36976
2725,RSM1070,1.00749
2726,RSM2061,0.882552
2727,RSM1792,1.21564
2728,RSM0811,1.68854
2729,RSM0711,1.78603
2730,RSM1323,1.07999
2731,RSM0528,1.81747
2732,RSM1422,1.15092
2733,RSM1372,1.36633
2734,RSM2515,1.44153
2735,RSM2194,1.00561
2736,RSM0281,1.17988
2737,RSM3343,0.793794
2738,RSM3870,0.804472
2739,RSM0655,2.08064
2740,RSM0088,2.51226
2741,RSM4063,1.00425
2742,RSM0058,1.09252
2743,RSM2189,1.42151
2744,RSM1896,1.03778
2745,RSM2614,1.20012
2746,RSM3651,0.797368
2747,RSM3298,0.853685
2748,RSM3754,0.743513
2749,RSM2114,1.53121
2750,RSM0555,2.01661
2751,RSM3509,0.615085
2752,RSM3078,1.17634
2753,RSM0983,0.848912
2754,RSM1930,1.49554
2755,RSM0180,1.74546
2756,RSM1862,1.79859
2757,RSM2408,0.920237
2758,RSM1975,1.49323
2759,RSM3503,0.524548
2760,RSM0290,1.41371
2761,RSM1184,0.792444
2762,RSM2568,1.17404
2763,RSM4189,1.36483
2764,RSM1258,1.35745
2765,RSM2357,1.97914
2766,RSM0325,2.68038
2767,RSM4281,1.19913
2768,RSM1644,2.36935
2769,RSM1977,2.20663
2770,RSM0175,1.4607
2771,RSM4148,0.951915
2772,RSM0089,1.36434
2773,RSM1335,1.19105
2774,RSM4529,0.423649
2775,RSM1559,0.844872
2776,RSM2191,0.847405
2777,RSM0588,0.948768
2778,RSM0397,2.10709
2779,RSM2461,2.3944
2780,RSM0396,1.84025
2781,RSM3179,0.648325
2782,RSM3986,1.27254
2783,RSM4528,0.7346
2784,RSM2179,1.52993
2785,RSM1360,2.00913
2786,RSM2238,1.15194
2787,RSM3425,0.909438
2788,RSM2228,1.54117
2789,RSM0217,2.12664
2790,RSM0426,1.30261
2791,RSM0321,1.30996
2792,RSM2958,1.03698
2793,RSM4016,0.829611
2794,RSM2407,1.18978
2795,RSM1586,1.59756
2796,RSM3708,1.06564
2797,RSM1784,2.1404
2798,RSM2292,1.19549
2799,RSM2832,1.54287
2800,RSM3060,1.1403
2801,RSM0730,1.41396
2802,RSM2201,1.28627
2803,RSM1097,1.16946
2804,RSM0786,1.45834
2805,RSM3279,1.30105
2806,RSM0576,1.60056
2807,RSM4398,1.18208
2808,RSM3782,1.44391
2809,RSM4093,1.09166
2810,RSM4077,0.815621
2811,RSM4551,1.30611
2812,RSM0795,1.19755
2813,RSM4329,1.33182
2814,RSM3341,1.32487
2815,RSM1433,0.420051
2816,RSM2439,1.31729
2817,RSM2367,0.958075
2818,RSM1974,1.24542
2819,RSM2639,2.03466
2820,RSM1701,0.758033
2821,RSM0541,1.46402
2822,RSM4114,1.05134
2823,RSM4284,0.884619
2824,RSM3706,1.43462
2825,RSM0450,1.20953
2826,RSM2234,0.848479
2827,RSM3175,0.654837
2828,RSM2141,0.711526
2829,RSM3328,1.43827
2830,RSM3715,0.630768
2831,RSM0243,1.36002
2832,RSM3335,1.28311
2833,RSM3441,1.36949
2834,RSM3053,1.67941
2835,RSM3414,0.80334
2836,RSM2145,0.937302
2837,RSM1169,1.54547
2838,RSM4019,1.45071
2839,RSM3398,1.15284
2840,RSM0342,1.77352
2841,RSM0468,1.56767
2842,RSM0379,1.42898
2843,RSM3114,1.81218
2844,RSM1162,1.01657
2845,RSM2285,1.07997
2846,RSM3230,1.30955
2847,RSM0016,1.58797
2848,RSM1809,0.416965
2849,RSM3773,0.756142
2850,RSM0869,1.56543
2851,RSM1940,1.41288
2852,RSM0822,1.51255
2853,RSM1749,1.31522
2854,RSM2322,1.13599
2855,RSM2317,1.15904
2856,RSM3396,0.803197
2857,RSM2255,0.76486
2858,RSM1405,1.44525
2859,RSM1978,2.15269
2860,RSM3835,1.46999
2861,RSM3236,1.13801
2862,RSM1054,1.38228
2863,RSM0945,1.53802
2864,RSM2556,0.915521
2865,RSM1425,0.703612
2866,RSM2718,0.592729
2867,RSM2251,1.39833
2868,RSM4426,1.56864
2869,RSM0033,2.11566
2870,RSM1403,2.20448
2871,RSM3756,1.0681
2872,RSM2916,1.30067
2873,RSM0738,1.60898
2874,RSM4469,1.12363
2875,RSM1748,1.0831
2876,RSM2288,0.918592
2877,RSM3161,0.956465
2878,RSM1890,0.629689
2879,RSM3962,1.00516
2880,RSM2862,0.784187
2881,RSM1817,1.45114
2882,RSM4454,0.674728
2883,RSM2971,0.93959
2884,RSM0925,1.62497
2885,RSM2394,1.05936
2886,RSM1570,0.793201
2887,RSM2013,1.27808
2888,RSM3206,1.17768
2889,RSM2124,0.940321
2890,RSM0463,0.984624
2891,RSM3587,0.948907
2892,RSM4034,0.753355
2893,RSM1296,2.30525
2894,RSM0225,1.50365
2895,RSM2620,0.90656
2896,RSM1115,1.11922
2897,RSM2800,1.11482
2898,RSM0842,1.4771
2899,RSM3293,1.35107
2900,RSM1986,1.16031
2901,RSM2813,1.21694
2902,RSM3454,1.23117
2903,RSM3465,1.32658
2904,RSM2040,1.63255
2905,RSM4102,0.304163
2906,RSM1606,1.25102
2907,RSM0057,1.67746
2908,RSM2847,1.28241
2909,RSM0166,1.35036
2910,RSM1847,0.947144
2911,RSM1720,1.6656
2912,RSM4141,0.641675
2913,RSM1390,1.79318
2914,RSM4011,1.07006
2915,RSM3607,1.46277
2916,RSM3605,1.28464
2917,RSM1358,1.31128
2918,RSM3104,1.46208
2919,RSM3904,0.738768
2920,RSM0444,1.85782
2921,RSM3783,1.11297
2922,RSM1044,0.714328
2923,RSM3215,1.23556
2924,RSM0122,1.25663
2925,RSM4530,0.790071
2926,RSM2249,1.86814
2927,RSM0924,0.929452
2928,RSM3071,1.41708
2929,RSM0778,1.1516
2930,RSM0929,2.15636
2931,RSM3676,0.674635
2932,RSM2219,1.65898
2933,RSM4297,1.67867
2934,RSM2683,1.04477
2935,RSM2772,1.28599
2936,RSM3195,1.27571
2937,RSM2643,1.34107
2938,RSM3869,1.2824
2939,RSM4499,0.930432
2940,RSM1114,1.24679
2941,RSM1806,0.866397
2942,RSM1210,1.79405
2943,RSM3567,1.30404
2944,RSM2905,1.20963
2945,RSM1714,2.23625
2946,RSM0495,1.16991
2947,RSM1599,0.44887
2948,RSM1185,1.80848
2949,RSM3364,1.09473
2950,RSM1159,1.59219
2951,RSM0927,0.854275
2952,RSM1081,2.10073
2953,RSM1635,1.78071
2954,RSM1079,1.48452
2955,RSM3361,1.01121
2956,RSM3578,1.41318
2957,RSM2660,1.05524
2958,RSM3697,1.34247
2959,RSM0191,1.7023
2960,RSM2379,1.43497
2961,RSM1260,2.00978
2962,RSM2658,1.20399
2963,RSM2884,1.53256
2964,RSM3300,0.840413
2965,RSM4571,1.19844
2966,RSM0708,2.10463
2967,RSM0190,1.50481
2968,RSM3977,1.51248
2969,RSM0749,1.14062
2970,RSM1598,1.45437
2971,RSM0025,1.30199
2972,RSM2875,2.26107
2973,RSM1515,1.45737
2974,RSM4290,0.852891
2975,RSM0285,1.78228
2976,RSM0341,1.60749
2977,RSM1299,1.04546
2978,RSM2693,0.713406
2979,RSM2793,1.7499
2980,RSM1082,1.21212
2981,RSM2259,1.57958
2982,RSM2834,1.66672
2983,RSM3296,1.34605
2984,RSM0503,2.1757
2985,RSM4069,1.39192
2986,RSM3610,1.4556
2987,RSM3419,1.16289
2988,RSM1990,1.08702
2989,RSM2424,1.46234
2990,RSM3803,1.07138
2991,RSM0759,1.12462
2992,RSM0068,1.53851
2993,RSM1475,1.3842
2994,RSM1228,0.984731
2995,RSM0637,1.43905
2996,RSM3319,2.45545
2997,RSM4003,1.0442
2998,RSM0881,1.31146
2999,RSM0726,1.91975
3000,RSM3973,0.635262
3001,RSM2907,1.21419
3002,RSM0600,1.56517
3003,RSM3268,0.941459
3004,RSM1800,1.18391
3005,RSM1111,1.37155
3006,RSM0560,1.13285
3007,RSM1020,1.20439
3008,RSM0222,1.67247
3009,RSM2056,1.34065
3010,RSM0909,1.51009
3011,RSM2749,0.990956
3012,RSM0720,1.16154
3013,RSM2746,0.886096
3014,RSM2549,1.30528
3015,RSM3528,1.00867
3016,RSM4115,0.748394
3017,RSM1094,0.66054
3018,RSM1253,1.21993
3019,RSM0278,1.47136
3020,RSM2469,1.30125
3021,RSM2090,1.26783
3022,RSM2023,1.76205
3023,RSM2144,1.63887
3024,RSM3600,1.32569
3025,RSM1067,1.54935
3026,RSM2857,1.21594
3027,RSM0820,1.23965
3028,RSM2237,1.71339
3029,RSM2026,1.02851
3030,RSM1926,1.28339
3031,RSM3537,1.18381
3032,RSM2488,0.911014
3033,RSM1455,2.25067
3034,RSM3960,1.4671
3035,RSM3908,1.31842
3036,RSM3629,1.63813
3037,RSM1825,1.28641
3038,RSM3431,1.1891
3039,RSM4230,1.40072
3040,RSM1275,2.26496
3041,RSM0956,1.34009
3042,RSM2193,1.58364
3043,RSM1181,1.52533
3044,RSM3317,1.41424
3045,RSM3032,1.69993
3046,RSM0859,1.34306
3047,RSM4266,1.27765
3048,RSM3764,1.4934
3049,RSM0794,1.42889
3050,RSM4271,1.03168
3051,RSM2640,0.766898
3052,RSM4482,0.580608
3053,RSM1419,1.35937
3054,RSM3356,0.910704
3055,RSM4021,1.50129
3056,RSM0382,1.85467
3057,RSM3264,1.56857
3058,RSM1057,1.18707
3059,RSM4523,1.01419
3060,RSM2135,0.914472
3061,RSM1802,0.390268
3062,RSM4208,0.917596
3063,RSM2553,2.55516
3064,RSM3320,0.748726
3065,RSM1638,1.12936
3066,RSM0624,0.94962
3067,RSM1698,0.834169
3068,RSM0926,1.6536
3069,RSM2635,0.760049
3070,RSM0758,1.43719
3071,RSM4015,1.04957
3072,RSM0693,1.02587
3073,RSM2734,0.947114
3074,RSM1787,1.85038
3075,RSM3719,1.827
3076,RSM4360,0.57258
3077,RSM0282,1.36727
3078,RSM3855,1.28033
3079,RSM1131,1.15921
3080,RSM1238,1.23859
3081,RSM2017,1.01126
3082,RSM3228,1.89463
3083,RSM1412,1.20895
3084,RSM0308,1.338
3085,RSM1047,1.18756
3086,RSM3830,0.989346
3087,RSM4358,0.579599
3088,RSM2704,1.4745
3089,RSM4512,0.876717
3090,RSM0203,1.42385
3091,RSM2613,2.55114
3092,RSM3145,1.20909
3093,RSM3287,1.07263
3094,RSM1979,1.24801
3095,RSM4424,1.54686
3096,RSM2411,1.47593
3097,RSM1718,1.28543
3098,RSM0153,1.56916
3099,RSM0609,0.689723
3100,RSM3571,0.309382
3101,RSM3044,1.19761
3102,RSM1722,0.970459
3103,RSM4343,1.0253
3104,RSM1036,1.63754
3105,RSM0967,1.72047
3106,RSM2995,0.834339
3107,RSM2822,1.55436
3108,RSM1593,0.500064
3109,RSM3382,0.527239
3110,RSM1885,1.62079
3111,RSM3569,1.0661
3112,RSM0215,1.26057
3113,RSM0882,1.3101
3114,RSM4403,0.780121
3115,RSM0135,2.5432
3116,RSM2073,0.980078
3117,RSM1110,1.83628
3118,RSM2224,1.61859
3119,RSM0069,1.8573
3120,RSM1124,1.36746
3121,RSM3022,1.38507
3122,RSM3474,1.50849
3123,RSM0402,1.25814
3124,RSM0125,1.73911
3125,RSM0018,1.22421
3126,RSM2484,1.26666
3127,RSM2487,0.947416
3128,RSM4443,0.982987
3129,RSM0754,1.91997
3130,RSM1788,0.898929
3131,RSM2511,1.98362
3132,RSM0769,0.915435
3133,RSM0633,1.14179
3134,RSM3281,1.41319
3135,RSM0998,2.03242
3136,RSM1495,1.31759
3137,RSM2058,1.64004
3138,RSM0990,1.63332
3139,RSM3653,1.63466
3140,RSM3580,1.88211
3141,RSM0054,1.80862
3142,RSM2978,1.01704
3143,RSM4131,0.560629
3144,RSM0045,1.9302
3145,RSM4422,0.791305
3146,RSM3283,1.22977
3147,RSM0772,1.58061
3148,RSM3770,0.724973
3149,RSM0021,1.56603
3150,RSM1740,1.05113
3151,RSM1203,1.07551
3152,RSM2632,1.01343
3153,RSM2724,1.56759
3154,RSM2431,1.76926
3155,RSM1603,1.76503
3156,RSM3303,0.906193
3157,RSM0369,1.33585
3158,RSM0485,1.21522
3159,RSM1815,1.29779
3160,RSM1730,0.898039
3161,RSM2898,1.30492
3162,RSM3157,0.976265
3163,RSM2339,1.4185
3164,RSM3735,0.91501
3165,RSM2116,1.35209
3166,RSM4081,1.41986
3167,RSM4237,0.833721
3168,RSM0083,1.45767
3169,RSM2918,1.19837
3170,RSM0132,3.86786
3171,RSM4420,1.59189
3172,RSM4004,1.37836
3173,RSM0863,1.20589
3174,RSM3614,0.984469
3175,RSM2976,1.59886
3176,RSM3491,1.02183
3177,RSM0653,1.96341
3178,RSM4031,0.768834
3179,RSM3786,0.996575
3180,RSM1531,2.50549
3181,RSM1801,1.33593
3182,RSM3088,1.21732
3183,RSM4201,1.23994
3184,RSM1404,0.985268
3185,RSM3737,1.127
3186,RSM3166,0.985384
3187,RSM4176,0.420712
3188,RSM2755,0.606851
3189,RSM1366,1.79952
3190,RSM0748,1.42666
3191,RSM1846,1.15113
3192,RSM2119,1.78467
3193,RSM3998,1.13358
3194,RSM2102,1.59195
3195,RSM4332,0.892598
3196,RSM1627,1.13175
3197,RSM2716,1.41553
3198,RSM4009,0.695644
3199,RSM2122,1.31342
3200,RSM2943,1.16824
3201,RSM2247,1.06098
3202,RSM3603,0.900321
3203,RSM3501,0.717712
3204,RSM0228,1.26413
3205,RSM3249,1.22668
3206,RSM0840,1.03773
3207,RSM0051,1.64442
3208,RSM1876,0.699389
3209,RSM1874,0.993708
3210,RSM3075,1.46327
3211,RSM1307,1.68049
3212,RSM1841,1.83436
3213,RSM0231,2.63386
3214,RSM2000,1.22365
3215,RSM4106,1.01326
3216,RSM2544,1.70117
3217,RSM1987,0.851248
3218,RSM0604,1.64303
3219,RSM0023,1.03822
3220,RSM1946,0.803023
3221,RSM0974,1.22422
3222,RSM1810,1.10456
3223,RSM1369,1.76785
3224,RSM2263,0.663988
3225,RSM2814,1.33847
3226,RSM0593,1.76036
3227,RSM3297,1.82017
3228,RSM2393,1.19582
3229,RSM1804,1.27414
3230,RSM0059,1.15609
3231,RSM0733,1.24471
3232,RSM4355,1.42398
3233,RSM3612,1.33238
3234,RSM2927,1.30609
3235,RSM1233,2.07764
3236,RSM1434,1.74473
3237,RSM0973,1.03175
3238,RSM0735,1.07599
3239,RSM4531,0.592605
3240,RSM1113,1.68263
3241,RSM4239,0.396754
3242,RSM3052,1.48599
3243,RSM2942,1.16676
3244,RSM3857,1.95079
3245,RSM3649,1.61988
3246,RSM3405,1.33413
3247,RSM3859,1.26638
3248,RSM2517,1.11963
3249,RSM3299,1.32729
3250,RSM3130,1.01691
3251,RSM0520,1.83449
3252,RSM1205,1.72675
3253,RSM1520,1.38076
3254,RSM0027,2.08408
3255,RSM3641,1.20886
3256,RSM0533,1.27779
